"study","sample","party","outcome","estimate","se","df","low","high","p","n","inparty","outparty"
"MTurk","Full","Pooled","unemployment",-9.46052870379174,1.53179745507958,1419.19956137509,-12.4653591802037,-6.45569822737976,8.56359302994945e-10,1425,79.317312336014,69.8567836322222
"MTurk","Full","Pooled","inflation",-5.97636102436137,1.62633901394803,1413.81836350436,-9.16665807972393,-2.78606396899881,0.000246995216791282,1425,71.13167562529,65.1553146009286
"MTurk","Full","Pooled","average",-7.71844486407655,1.29181985849519,1418.84698927291,-10.2525269591221,-5.18436276903104,2.90747655247003e-09,1425,75.224493980652,67.5060491165754
"MTurk","Full","Pooled","unemployment_better",-15.9416822551785,2.60637027483493,1404.80333204868,-21.0544791944022,-10.8288853159547,1.23827470475209e-09,1425,61.9465218600181,46.0048396048396
"MTurk","Full","Pooled","inflation_better",-9.23403367957399,2.62418010918622,1396.43318619163,-14.3817939602344,-4.08627339891357,0.000447374114861546,1425,48.331230699578,39.097197020004
"MTurk","Full","Pooled","unemployment_same",12.9623071027734,2.5881917930771,1408.42399299836,7.88518131156091,18.039432893986,6.18723862902743e-07,1425,34.7415809519918,47.7038880547652
"MTurk","Full","Pooled","inflation_same",6.51534531042524,2.64973576204343,1404.32401037881,1.3174787555192,11.7132118653313,0.0140575823190469,1425,45.600889851424,52.1162351618492
"MTurk","Full","Pooled","unemployment_worse",2.97937515240501,1.11759082678291,1283.7792274917,0.786870292290354,5.17188001251966,0.00777484898445342,1425,3.31189718799014,6.29127234039515
"MTurk","Full","Pooled","inflation_worse",2.71868836914874,1.38354101329026,1405.32547592832,0.00466033560507428,5.43271640269241,0.0496084355480334,1425,6.06787944899803,8.78656781814677
"MTurk","Full","Democrat","unemployment",-13.2012398477655,2.18799680344138,713.827362267338,-17.4969183125672,-8.90556138296384,2.57638946634366e-09,716,79.3051359516616,66.1038961038961
"MTurk","Full","Democrat","inflation",-8.07352768077844,2.28924651660924,707.129071923771,-12.5680612904001,-3.5789940711568,0.00044790946845271,716,71.4501510574018,63.3766233766234
"MTurk","Full","Democrat","average",-10.637383764272,1.83845995410163,712.410784841925,-14.2468312238504,-7.02793630469358,1.07954890824733e-08,716,75.3776435045317,64.7402597402597
"MTurk","Full","Democrat","unemployment_better",-20.5500843567309,3.67094154491916,699.758145631257,-27.7574637313486,-13.3427049821132,3.11456695280431e-08,716,61.3293051359517,40.7792207792208
"MTurk","Full","Democrat","inflation_better",-11.7149919566838,3.6894218276046,689.612590855123,-18.9588394202425,-4.47114449312515,0.00156350007777452,716,48.3383685800604,36.6233766233766
"MTurk","Full","Democrat","unemployment_same",14.6976890179307,3.67246896070734,705.359884376211,7.48740998699409,21.9079680488673,6.94169245628011e-05,716,35.9516616314199,50.6493506493506
"MTurk","Full","Democrat","inflation_same",7.28292855181072,3.7431187757377,698.020952426567,-0.066192391519099,14.6320494951405,0.052093684396248,716,46.2235649546828,53.5064935064935
"MTurk","Full","Democrat","unemployment_worse",5.85239533880018,1.68593070178031,631.515519981973,2.54168678019393,9.16310389740642,0.000553241583671706,716,2.7190332326284,8.57142857142857
"MTurk","Full","Democrat","inflation_worse",4.43206340487308,1.96848543054039,703.793466165211,0.567256466789124,8.29687034295705,0.0246609269577678,716,5.43806646525679,9.87012987012988
"MTurk","Full","Republican","unemployment",-5.68288529182385,2.14387018300868,706.248784914543,-9.89200698915666,-1.47376359449104,0.00821102436573157,709,79.3296089385475,73.6467236467236
"MTurk","Full","Republican","inflation",-3.85848891435485,2.31084083255281,706.689313626885,-8.39542401241647,0.678446183706768,0.0954149056424634,709,70.8100558659218,66.951566951567
"MTurk","Full","Republican","average",-4.77068710308933,1.81500864402252,706.937839362751,-8.33413956506883,-1.20723464110983,0.00876335094409683,709,75.0698324022346,70.2991452991453
"MTurk","Full","Republican","unemployment_better",-11.2877811201834,3.70113268482022,705.08655869449,-18.5543414245312,-4.0212208158355,0.00237558263401189,709,62.5698324022346,51.2820512820513
"MTurk","Full","Republican","inflation_better",-6.72858075092712,3.7330913905532,706.974259899712,-14.0578530246477,0.600691522793491,0.0719058953772084,709,48.3240223463687,41.5954415954416
"MTurk","Full","Republican","unemployment_same",11.209791656719,3.6476689405902,703.389525124126,4.04816883900628,18.3714144744318,0.00220002996150843,709,33.5195530726257,44.7293447293447
"MTurk","Full","Republican","inflation_same",5.74018367314457,3.75145254521466,706.56603940444,-1.62514481494154,13.1055121612307,0.126433857213196,709,44.9720670391061,50.7122507122507
"MTurk","Full","Republican","unemployment_worse",0.0779894634643301,1.46516890583164,706.394861371681,-2.79861756780692,2.95459649473558,0.957564505680235,709,3.91061452513966,3.98860398860399
"MTurk","Full","Republican","inflation_worse",0.988397077782552,1.94440157273727,702.149513124119,-2.82914044668341,4.80593460224851,0.611381805442493,709,6.70391061452514,7.6923076923077
"MTurk","Screen passed","Pooled","unemployment",-12.1371530215484,2.00033380803001,842.208020425027,-16.0633776076238,-8.21092843547303,1.9609850657614e-09,861,77.4131568498732,65.2760038283248
"MTurk","Screen passed","Pooled","inflation",-9.25290575569973,2.09238164919765,830.974771403966,-13.3598803343268,-5.14593117707267,1.10682268348146e-05,861,72.142763079074,62.8898573233742
"MTurk","Screen passed","Pooled","average",-10.6950293886241,1.75127617647053,841.165807740017,-14.1324135961355,-7.25764518111257,1.54986241912874e-09,861,74.7779599644736,64.0829305758495
"MTurk","Screen passed","Pooled","unemployment_better",-20.9725572418772,3.34932268834712,814.729939509832,-27.5468756548138,-14.3982388289405,6.15517572008354e-10,861,58.8966021191085,37.9240448772313
"MTurk","Screen passed","Pooled","inflation_better",-16.1381285264246,3.351481091821,817.664413569238,-22.7166485018936,-9.55960855095556,1.75170568971101e-06,861,50.7873633723549,34.6492348459304
"MTurk","Screen passed","Pooled","unemployment_same",17.6708084406576,3.36071830562271,823.079768759041,11.0742213578846,24.2673955234305,1.85713361728037e-07,861,37.0331094615294,54.703917902187
"MTurk","Screen passed","Pooled","inflation_same",13.7704455414497,3.39719153086725,828.21767030015,7.10232789255484,20.4385631903446,5.52163949508602e-05,861,42.710799413438,56.4812449548878
"MTurk","Screen passed","Pooled","unemployment_worse",3.30174880121958,1.55946208074858,819.746187349126,0.240739788290623,6.36275781414854,0.0345404406140407,861,4.07028841936209,7.37203722058167
"MTurk","Screen passed","Pooled","inflation_worse",2.36768298497489,1.81497977169513,843.655655304597,-1.19472273812284,5.93008870807262,0.192411048541982,861,6.501837214207,8.86952019918188
"MTurk","Screen passed","Democrat","unemployment",-14.4488361879666,2.71825152155702,456.876272100382,-19.7906622710251,-9.10701010490817,1.66689139894153e-07,471,76.5700483091788,62.1212121212121
"MTurk","Screen passed","Democrat","inflation",-10.5511638120334,2.82403395438414,444.655199169413,-16.1012754982028,-5.00105212586393,0.000211149174166744,471,73.4299516908212,62.8787878787879
"MTurk","Screen passed","Democrat","average",-12.5,2.37791659311415,454.210970353548,-17.1730829559463,-7.82691704405374,2.26150932027592e-07,471,75,62.5
"MTurk","Screen passed","Democrat","unemployment_better",-22.8096179183136,4.51956062748257,432.213677050381,-31.6926687070971,-13.9265671295301,6.62889083985443e-07,471,56.5217391304348,33.7121212121212
"MTurk","Screen passed","Democrat","inflation_better",-17.808519982433,4.55351202845337,432.387487892552,-26.758291053874,-8.8587489109921,0.000106726456374114,471,52.6570048309179,34.8484848484848
"MTurk","Screen passed","Democrat","unemployment_same",16.7215634606939,4.5813496939242,444.58830382708,7.71777195995404,25.7253549614337,0.00029348694608306,471,40.0966183574879,56.8181818181818
"MTurk","Screen passed","Democrat","inflation_same",14.5147123407993,4.59945793841271,443.892015195468,5.47529374678861,23.55413093481,0.00170981789953126,471,41.5458937198068,56.0606060606061
"MTurk","Screen passed","Democrat","unemployment_worse",6.08805445761967,2.20130345759352,446.302392876739,1.7618469192941,10.4142619959452,0.00591641970863157,471,3.3816425120773,9.46969696969697
"MTurk","Screen passed","Democrat","inflation_worse",3.29380764163373,2.40694213087341,468.3591752657,-1.43593460409848,8.02354988736595,0.171823721620079,471,5.79710144927536,9.09090909090909
"MTurk","Screen passed","Republican","unemployment",-9.34535104364328,2.95385825728598,385.695831907195,-15.1530311003194,-3.53767098696711,0.00168083438556287,390,78.4313725490196,69.0860215053763
"MTurk","Screen passed","Republican","inflation",-7.68500948766602,3.11549471031946,386.670277468057,-13.8104398211451,-1.55957915418695,0.0140689614440556,390,70.5882352941176,62.9032258064516
"MTurk","Screen passed","Republican","average",-8.51518026565465,2.58861468780844,387.447215252675,-13.6046702421485,-3.42569028916076,0.0010956253647359,390,74.5098039215686,65.994623655914
"MTurk","Screen passed","Republican","unemployment_better",-18.7539531941809,4.9882780965684,383.239224276753,-28.5617724041196,-8.9461339842422,0.000196719221754904,390,61.764705882353,43.010752688172
"MTurk","Screen passed","Republican","inflation_better",-14.1208096141683,4.95016383390833,387.311973830651,-23.8533653700478,-4.38825385828873,0.00456893731671141,390,48.5294117647059,34.4086021505376
"MTurk","Screen passed","Republican","unemployment_same",18.8172043010753,4.94321980370375,379.39885782141,9.09766583542005,28.5367427667305,0.000164179844420219,390,33.3333333333333,52.1505376344086
"MTurk","Screen passed","Republican","inflation_same",12.8716002530044,5.03927366786217,384.883250995762,2.96364898313161,22.7795515228772,0.0110257517039032,390,44.1176470588235,56.989247311828
"MTurk","Screen passed","Republican","unemployment_worse",-0.0632511068943744,2.18754425176577,385.103396060583,-4.36427625331061,4.23777403952186,0.976947992967787,390,4.90196078431373,4.83870967741935
"MTurk","Screen passed","Republican","inflation_worse",1.24920936116382,2.75783105851818,377.82368748802,-4.17341065855959,6.67182938088724,0.650831754017409,390,7.35294117647059,8.60215053763441
"MTurk","Screen flagged","Pooled","unemployment",-4.9226735529537,2.33790540722057,545.079878343106,-9.51508111978759,-0.330265986119818,0.0356966825196366,564,81.9753570611498,77.0526835081961
"MTurk","Screen flagged","Pooled","inflation",-1.366995762742,2.58990055395827,552.180849017203,-6.45425827876698,3.72026675328298,0.597837789720345,564,69.8186300944537,68.4516343317117
"MTurk","Screen flagged","Pooled","average",-3.14483465784785,1.85241961521196,552.136107839727,-6.78348654949029,0.493817233794585,0.0901297288011425,564,75.8969935778017,72.7521589199539
"MTurk","Screen flagged","Pooled","unemployment_better",-7.4290906191761,4.07764108058658,556.750906515322,-15.438531972703,0.580350734350828,0.0690051882738516,564,66.1204529855868,58.6913623664107
"MTurk","Screen flagged","Pooled","inflation_better",0.655384051138089,4.19519055730538,558.222304087081,-7.58490466557815,8.89567276785433,0.875913953435585,564,45.0446530705625,45.7000371217006
"MTurk","Screen flagged","Pooled","unemployment_same",5.01283413244479,4.003028486029,557.20480388365,-2.85003667038608,12.8757049352757,0.211000340157952,564,31.7098081511259,36.7226422835707
"MTurk","Screen flagged","Pooled","inflation_same",-4.04475962776018,4.21047738286646,558.065914965931,-12.3150801106795,4.22556085515911,0.337148439797195,564,49.5479540477825,45.5031944200223
"MTurk","Screen flagged","Pooled","unemployment_worse",2.41625648673131,1.52202665354941,440.955713186996,-0.575071336779206,5.40758431024183,0.113110382985886,564,2.16973886328725,4.58599535001856
"MTurk","Screen flagged","Pooled","inflation_worse",3.3893755766221,2.16323966367517,506.171550544265,-0.86065857044533,7.63940972368952,0.117785105604674,564,5.40739288165506,8.79676845827716
"MTurk","Screen flagged","Democrat","unemployment",-9.07757931218342,3.61385692693634,230.610635176138,-16.1979767152185,-1.95718190914835,0.0126935687222662,245,83.8709677419355,74.7933884297521
"MTurk","Screen flagged","Democrat","inflation",-3.6823513729672,3.97117530117566,236.411558857724,-11.5057620055842,4.14105925964975,0.354732094795309,245,68.1451612903226,64.4628099173554
"MTurk","Screen flagged","Democrat","average",-6.37996534257532,2.83892209915007,236.144422870442,-11.9728140389537,-0.787116646196914,0.0255436844073345,245,76.008064516129,69.6280991735537
"MTurk","Screen flagged","Democrat","unemployment_better",-13.1564916022394,6.14758213029078,240.692452525242,-25.2664225439929,-1.04656066048591,0.0333517377739291,245,69.3548387096774,56.198347107438
"MTurk","Screen flagged","Democrat","inflation_better",-0.633164489469479,6.30602962754837,242.879380423384,-13.0546510609824,11.7883220820434,0.920104676179933,245,41.1290322580645,40.495867768595
"MTurk","Screen flagged","Democrat","unemployment_same",8.15782458011197,6.01803351312665,241.161249053364,-3.69679612137732,20.0124452816013,0.176506319038576,245,29.0322580645161,37.1900826446281
"MTurk","Screen flagged","Democrat","inflation_same",-6.09837376699546,6.40240385492565,242.821657172146,-18.7097113078223,6.51296377383142,0.341783986810419,245,54.0322580645161,47.9338842975207
"MTurk","Screen flagged","Democrat","unemployment_worse",4.99866702212743,2.53683294889883,176.873323315645,-0.00768891116175485,10.0050229554166,0.0503490828159701,245,1.61290322580645,6.61157024793388
"MTurk","Screen flagged","Democrat","inflation_worse",6.73153825646494,3.50283377319003,209.168675456137,-0.173843871775597,13.6369203847055,0.0559973611724871,245,4.83870967741935,11.5702479338843
"MTurk","Screen flagged","Republican","unemployment",-1.73160173160173,3.06301106149388,316.386541895199,-7.75804621550461,4.29484275230115,0.572252276786041,319,80.5194805194805,78.7878787878788
"MTurk","Screen flagged","Republican","inflation",0.411255411255411,3.41541433159895,316.343845176027,-6.30854256291683,7.13105338542765,0.904233563918099,319,71.1038961038961,71.5151515151515
"MTurk","Screen flagged","Republican","average",-0.660173160173159,2.44386067461202,316.566019513539,-5.46843481013557,4.14808848978926,0.787232145335043,319,75.8116883116883,75.1515151515152
"MTurk","Screen flagged","Republican","unemployment_better",-3.03030303030305,5.44816518864418,316.084486838804,-13.74955440242,7.68894834181388,0.578463453386718,319,63.6363636363636,60.6060606060606
"MTurk","Screen flagged","Republican","inflation_better",1.64502164502164,5.61768711191376,315.510813629277,-9.4078409269936,12.6978842170369,0.76984535645376,319,48.0519480519481,49.6969696969697
"MTurk","Screen flagged","Republican","unemployment_same",2.59740259740259,5.35980183129714,316.132209838715,-7.94798797187585,13.142793166681,0.628290060023184,319,33.7662337662338,36.3636363636364
"MTurk","Screen flagged","Republican","inflation_same",-2.46753246753246,5.5890636477031,315.247537974015,-13.4641134129752,8.52904847791029,0.659158793335991,319,46.1038961038961,43.6363636363636
"MTurk","Screen flagged","Republican","unemployment_worse",0.432900432900435,1.85615393712416,316.990704018566,-3.21903766636428,4.08483853216515,0.815737670031981,319,2.5974025974026,3.03030303030303
"MTurk","Screen flagged","Republican","inflation_worse",0.822510822510822,2.71855069010293,316.979845776578,-4.52617278866378,6.17119443368543,0.762427532040886,319,5.84415584415585,6.66666666666667
"MTurk","Strict identifiers","Pooled","unemployment",-9.57796966873737,1.64100315257953,1251.26325849793,-12.7973908862512,-6.35854845122358,6.77744808141909e-09,1258,79.4697567461467,69.8917870774094
"MTurk","Strict identifiers","Pooled","inflation",-6.01701758812684,1.73495239305244,1248.85895480778,-9.42076056591396,-2.61327461033972,0.000541947966773645,1258,71.2738124754644,65.2567948873375
"MTurk","Strict identifiers","Pooled","average",-7.79749362843211,1.37856243756203,1252.61897340725,-10.5020396272567,-5.09294762960752,1.91505093527936e-08,1258,75.3717846108055,67.5742909823734
"MTurk","Strict identifiers","Pooled","unemployment_better",-15.3195847117964,2.77381622408288,1245.80221902711,-20.7614515923042,-9.87771783128854,4.05447334100945e-08,1258,62.0753206873271,46.7557359755307
"MTurk","Strict identifiers","Pooled","inflation_better",-8.9840886329929,2.79420390156375,1236.11541073138,-14.465995262753,-3.50218200323275,0.00133699524333494,1258,48.5045201402977,39.5204315073048
"MTurk","Strict identifiers","Pooled","unemployment_same",11.483230086118,2.75238882150051,1249.06230038901,6.08341468985786,16.8830454823781,3.22682141083665e-05,1258,34.7888721176392,46.2721022037572
"MTurk","Strict identifiers","Pooled","inflation_same",5.93414208973212,2.81898472061707,1243.31741442042,0.40364974167656,11.4646344377877,0.0354859836449342,1258,45.5385846703333,51.4727267600654
"MTurk","Strict identifiers","Pooled","unemployment_worse",3.83635462567841,1.21636686938071,1080.41522355476,1.44964564538719,6.22306360596962,0.00165523257394739,1258,3.13580719503363,6.97216182071203
"MTurk","Strict identifiers","Pooled","inflation_worse",3.04994654326079,1.47847272424584,1238.74720731521,0.14935917096611,5.95053391555547,0.0393298317552165,1258,5.956895189369,9.00684173262979
"MTurk","Strict identifiers","Democrat","unemployment",-13.4881993728338,2.37653254040884,621.338494589193,-18.1552085648373,-8.82119018083029,2.1217295959766e-08,624,79.4520547945205,65.9638554216868
"MTurk","Strict identifiers","Democrat","inflation",-7.82926225449744,2.45708137267402,616.865544522951,-12.6545206676037,-3.00400384139121,0.00151326612041439,624,71.2328767123288,63.4036144578313
"MTurk","Strict identifiers","Democrat","average",-10.6587308136656,1.98596702693653,621.775953902514,-14.5587462712063,-6.75871535612491,1.13136291843204e-07,624,75.3424657534246,64.683734939759
"MTurk","Strict identifiers","Democrat","unemployment_better",-20.0775705561974,3.93232000384829,613.817995584725,-27.8000031908283,-12.3551379215665,4.40116372116373e-07,624,61.6438356164384,41.5662650602409
"MTurk","Strict identifiers","Democrat","inflation_better",-11.8418881003466,3.94700188844147,605.265963837158,-19.5933699293997,-4.09040627129346,0.00280878425422347,624,48.2876712328767,36.4457831325301
"MTurk","Strict identifiers","Democrat","unemployment_same",13.1787423667272,3.92792547748457,617.435453017227,5.46502914744056,20.8924555860138,0.000841874140404006,624,35.6164383561644,48.7951807228916
"MTurk","Strict identifiers","Democrat","inflation_same",8.02525169169832,4.0049440750958,611.885151293091,0.160148188711154,15.8903551946855,0.0455279593314171,624,45.8904109589041,53.9156626506024
"MTurk","Strict identifiers","Democrat","unemployment_worse",6.89882818947021,1.88334078087716,528.641940931685,3.19907757646704,10.5985788024734,0.000274302466601653,624,2.73972602739726,9.63855421686747
"MTurk","Strict identifiers","Democrat","inflation_worse",3.81663640864829,2.12496173114843,615.675352540407,-0.356415632240934,7.98968844953751,0.0729693212267042,624,5.82191780821918,9.63855421686747
"MTurk","Strict identifiers","Republican","unemployment",-5.72941551202419,2.26521350327543,631.98307924481,-10.1776713453384,-1.28115967871001,0.0116708993084222,634,79.4871794871795,73.7577639751553
"MTurk","Strict identifiers","Republican","inflation",-4.23335722248765,2.45005665104886,631.994468843842,-9.04459395463845,0.57787950966314,0.0845016518248746,634,71.3141025641026,67.0807453416149
"MTurk","Strict identifiers","Republican","average",-4.98138636725594,1.91355202571776,631.921028417307,-8.73907655944408,-1.22369617506779,0.00945222755240118,634,75.400641025641,70.4192546583851
"MTurk","Strict identifiers","Republican","unemployment_better",-10.6366459627329,3.91324918103284,631.999996553974,-18.3211898600452,-2.95210206542065,0.00674565607754395,634,62.5,51.8633540372671
"MTurk","Strict identifiers","Republican","inflation_better",-6.17136486701704,3.95580567611666,630.857669413074,-13.9395049914287,1.59677525739463,0.119242970603955,634,48.7179487179487,42.5465838509317
"MTurk","Strict identifiers","Republican","unemployment_same",9.81446090141742,3.85756044801089,631.862196915625,2.23927117241253,17.3896506304223,0.0111892785616217,634,33.974358974359,43.7888198757764
"MTurk","Strict identifiers","Republican","inflation_same",3.87601528905876,3.96859192223075,631.533482107429,-3.91721755919322,11.6692481373107,0.329105190384537,634,45.1923076923077,49.0683229813665
"MTurk","Strict identifiers","Republican","unemployment_worse",0.822185061315495,1.54572040907061,629.032273553071,-2.21321169238464,3.85758181501563,0.59497572168552,634,3.52564102564103,4.34782608695652
"MTurk","Strict identifiers","Republican","inflation_worse",2.29534957795827,2.05718680777859,623.727826131852,-1.74450167577377,6.33520083169032,0.264949808904949,634,6.08974358974359,8.38509316770186
"Lucid","Full","Pooled","unemployment",-5.19068145688585,2.73975381108294,583.641278801057,-10.5716590067069,0.190296092935208,0.0586421628656204,624,73.0477053140097,67.8570238571238
"Lucid","Full","Pooled","inflation",-8.64024124649657,2.82522210688876,571.902132479778,-14.1893183694397,-3.09116412355348,0.0023304532150355,624,75.1099033816425,66.4696621351459
"Lucid","Full","Pooled","average",-6.91546135169122,2.46677964514687,580.23730882427,-11.7603666316531,-2.07055607172937,0.00522522530854131,624,74.0788043478261,67.1633429961349
"Lucid","Full","Pooled","unemployment_better",-6.04204260324856,4.0193380900729,600.751605311934,-13.9357037009015,1.85161849440437,0.13330182685397,624,54.9891304347826,48.9470878315341
"Lucid","Full","Pooled","inflation_better",-10.4464194998329,3.99490652525354,598.095961884105,-18.2921692660189,-2.60066973364692,0.00914947424359973,624,59.4359903381643,48.9895708383313
"Lucid","Full","Pooled","unemployment_same",1.70272229272543,3.88911028195322,598.866215891564,-5.93523026423296,9.34067484968381,0.6616761184833,624,36.1171497584541,37.8198720511795
"Lucid","Full","Pooled","inflation_same",3.6123565066727,3.79636247515479,596.509015807867,-3.84350522294947,11.0682182362949,0.341720281561275,624,31.3478260869565,34.9601825936292
"Lucid","Full","Pooled","unemployment_worse",4.33932031052313,2.5337743784665,548.192644842331,-0.637774811974099,9.31641543302037,0.087353207340941,624,8.89371980676329,13.2330401172864
"Lucid","Full","Pooled","inflation_worse",6.83406299316023,2.68526828871424,526.254264367358,1.55890167815647,12.109224308164,0.0112114726919068,624,9.21618357487923,16.0502465680395
"Lucid","Full","Democrat","unemployment",-5.59756097560975,3.48173880155369,340.526665678726,-12.4459840574061,1.25086210618663,0.10882957087113,364,74.5,68.9024390243902
"Lucid","Full","Democrat","inflation",-9.01219512195122,3.59180914237674,323.550779997368,-16.0784439038788,-1.94594634002364,0.0125924321806686,364,77,67.9878048780488
"Lucid","Full","Democrat","average",-7.3048780487805,3.12448272644145,336.062391070512,-13.4508857464095,-1.15887035115153,0.0199761787754117,364,75.75,68.4451219512195
"Lucid","Full","Democrat","unemployment_better",-8.21951219512195,5.25784007361984,346.789674143161,-18.5607802079777,2.12175581773377,0.118897191909812,364,57,48.780487804878
"Lucid","Full","Democrat","inflation_better",-10.390243902439,5.22397513253143,344.641018818721,-20.665129726186,-0.115358078692065,0.0474966483420007,364,61,50.609756097561
"Lucid","Full","Democrat","unemployment_same",5.24390243902439,5.11719150555413,344.199233854903,-4.82099927577433,15.3088041538231,0.306195238703432,364,35,40.2439024390244
"Lucid","Full","Democrat","inflation_same",2.75609756097562,4.98462371725269,345.235740499263,-7.04795536151058,12.5601504834618,0.580676109049424,364,32,34.7560975609756
"Lucid","Full","Democrat","unemployment_worse",2.97560975609757,3.11335066720471,324.885379496803,-3.14926219455714,9.10048170675227,0.33990514126873,364,8,10.9756097560976
"Lucid","Full","Democrat","inflation_worse",7.63414634146341,3.30688772813873,288.755114435706,1.12548542217746,14.1428072607494,0.0216743535096867,364,7,14.6341463414634
"Lucid","Full","Republican","unemployment",-4.62105013067237,4.41315029020986,245.498749702357,-13.3135177686366,4.07141750729186,0.296079049778751,260,71.0144927536232,66.3934426229508
"Lucid","Full","Republican","inflation",-8.11950582086007,4.54856971110977,248.89058222852,-17.0781007960866,0.839089154366432,0.0754680535145481,260,72.463768115942,64.344262295082
"Lucid","Full","Republican","average",-6.37027797576621,3.98940115138427,246.458040278313,-14.2279464206365,1.48739046910403,0.111591533007193,260,71.7391304347826,65.3688524590164
"Lucid","Full","Republican","unemployment_better",-2.99358517462581,6.23452355999845,254.025747444493,-15.2715228544834,9.28435250523184,0.631524969382449,260,52.1739130434783,49.1803278688525
"Lucid","Full","Republican","inflation_better",-10.5250653361844,6.19977470517723,253.534855516851,-22.7346836355647,1.6845529631959,0.0908003227313815,260,57.2463768115942,46.7213114754098
"Lucid","Full","Republican","unemployment_same",-3.25492991209313,5.98307261780007,255.209216256287,-15.0374120009171,8.52755217673084,0.586900506964242,260,37.6811594202899,34.4262295081967
"Lucid","Full","Republican","inflation_same",4.81111903064862,5.85799894718537,251.430660897235,-6.72588117132419,16.3481192326214,0.412258852275453,260,30.4347826086957,35.2459016393443
"Lucid","Full","Republican","unemployment_worse",6.24851508671893,4.24041105586681,233.688123405514,-2.10580416078056,14.6028343342184,0.14194486754553,260,10.1449275362319,16.3934426229508
"Lucid","Full","Republican","inflation_worse",5.71394630553576,4.48328476357542,239.484886529847,-3.11776201691469,14.5456546279862,0.203721541700274,260,12.3188405797101,18.0327868852459
"Lucid","Screen passed","Pooled","unemployment",-7.1218101074906,3.03232929959333,495.526580935505,-13.0796181390558,-1.16400207592535,0.0192347580748468,529,74.0766456833695,66.9548355758789
"Lucid","Screen passed","Pooled","inflation",-10.1241175266836,3.07221930973983,481.271368969183,-16.160737743694,-4.08749730967318,0.00105545452424965,529,77.0861463678099,66.9620288411263
"Lucid","Screen passed","Pooled","average",-8.62296381708709,2.72229600108315,490.313597031903,-13.9717691669391,-3.27415846723506,0.001633248758197,529,75.5813960255897,66.9584322085026
"Lucid","Screen passed","Pooled","unemployment_better",-9.12806385129197,4.34704059510167,510.542378892355,-17.6683528439627,-0.587774858621197,0.0362335948290151,529,57.6925046793373,48.5644408280454
"Lucid","Screen passed","Pooled","inflation_better",-12.0218157000934,4.31014605984243,507.508517067302,-20.4897411831543,-3.55389021703245,0.00548256850848678,529,62.6576075316379,50.6357918315446
"Lucid","Screen passed","Pooled","unemployment_same",4.01250748760272,4.16622488992518,507.567570994642,-4.17266109182987,12.1976760670353,0.335953987144357,529,32.7682820080643,36.780789495667
"Lucid","Screen passed","Pooled","inflation_same",3.79539634681953,4.04069310158944,507.530375189343,-4.14314775042695,11.733940444066,0.348026929075535,529,28.857077672344,32.6524740191635
"Lucid","Screen passed","Pooled","unemployment_worse",5.11555636368923,2.85867013549981,465.115603611703,-0.501951849609049,10.7330645769875,0.0741867184513314,529,9.53921331259836,14.6547696762876
"Lucid","Screen passed","Pooled","inflation_worse",8.22641935327383,2.90917587775603,438.259325802902,2.5087493760881,13.9440893304595,0.0049024621226395,529,8.48531479601814,16.711734149292
"Lucid","Screen passed","Democrat","unemployment",-8.75759878419453,3.83303234818457,286.720956114109,-16.3020498899837,-1.21314767840531,0.0230567516817896,309,76.4880952380952,67.7304964539007
"Lucid","Screen passed","Democrat","inflation",-10.4863221884498,3.91429284247873,272.662204161761,-18.1924002132387,-2.780244163661,0.00783342007233583,309,78.5714285714286,68.0851063829787
"Lucid","Screen passed","Democrat","average",-9.62196048632218,3.44714856434463,282.12700242242,-16.4073555785446,-2.83656539409976,0.00560833065443388,309,77.5297619047619,67.9078014184397
"Lucid","Screen passed","Democrat","unemployment_better",-12.4873353596758,5.66721686478998,295.269904837838,-23.6405921590023,-1.3340785603493,0.0283361519280028,309,60.7142857142857,48.2269503546099
"Lucid","Screen passed","Democrat","inflation_better",-11.9174265450861,5.62871366581688,293.481615331108,-22.9951856612596,-0.83966742891258,0.0350791704763418,309,63.6904761904762,51.7730496453901
"Lucid","Screen passed","Democrat","unemployment_same",7.4594731509625,5.47038999562095,292.259215906401,-3.30687876365488,18.2258250655799,0.17374004350501,309,31.547619047619,39.0070921985816
"Lucid","Screen passed","Democrat","inflation_same",2.86220871327254,5.31206581651413,295.017834028879,-7.59213667920708,13.3165541057522,0.59042241365096,309,29.7619047619048,32.6241134751773
"Lucid","Screen passed","Democrat","unemployment_worse",5.02786220871328,3.49707167841802,266.411185847841,-1.85755171923392,11.9132761366605,0.151682812491833,309,7.73809523809524,12.7659574468085
"Lucid","Screen passed","Democrat","inflation_worse",9.05521783181358,3.61524286889492,239.809597970718,1.9335307987616,16.1769048648656,0.0129190863725888,309,6.54761904761905,15.6028368794326
"Lucid","Screen passed","Republican","unemployment",-4.82427055702918,4.91734141532549,210.774910572482,-14.517741056439,4.86919994238059,0.32768153487828,220,70.6896551724138,65.8653846153846
"Lucid","Screen passed","Republican","inflation",-9.61538461538461,4.93419078739827,208.906837066648,-19.3425722553968,0.111803024627593,0.0526672584000795,220,75,65.3846153846154
"Lucid","Screen passed","Republican","average",-7.21982758620689,4.40531143867754,209.61047212513,-15.9042207828136,1.46456561039985,0.102735912625558,220,72.8448275862069,65.625
"Lucid","Screen passed","Republican","unemployment_better",-4.40981432360743,6.77485071743214,215.277612589768,-17.7633481607894,8.94371951357454,0.515799087558986,220,53.448275862069,49.0384615384615
"Lucid","Screen passed","Republican","inflation_better",-12.1684350132626,6.70148285608836,214.054488988082,-25.3777841917147,1.04091416518949,0.0708029154740072,220,61.2068965517241,49.0384615384615
"Lucid","Screen passed","Republican","unemployment_same",-0.828912466843512,6.4283008049033,215.650173622841,-13.4992571837302,11.8414322500432,0.897519477146354,220,34.4827586206897,33.6538461538461
"Lucid","Screen passed","Republican","inflation_same",5.10610079575597,6.22367712407708,212.666050463261,-7.16189685727547,17.3740984487874,0.412888800605811,220,27.5862068965517,32.6923076923077
"Lucid","Screen passed","Republican","unemployment_worse",5.23872679045092,4.80868137491143,204.466635800643,-4.24223309051435,14.7196866714162,0.277246166696022,220,12.0689655172414,17.3076923076923
"Lucid","Screen passed","Republican","inflation_worse",7.06233421750663,4.81141179435162,199.117866662037,-2.42552639687209,16.5501948318853,0.143728255881554,220,11.2068965517241,18.2692307692308
"Lucid","Screen flagged","Pooled","unemployment",5.57928397244758,6.10401220654623,79.5814393433749,-6.56906832115189,17.7276362660471,0.363459235906024,95,67.7108253588517,73.2901093312993
"Lucid","Screen flagged","Pooled","inflation",-1.1055925386589,7.05646001758076,84.705924162113,-15.1364287352406,12.9252436579228,0.875871404143637,95,64.683014354067,63.5774218154081
"Lucid","Screen flagged","Pooled","average",2.23684571689435,5.61956189409459,82.9076046991289,-8.94042108856579,13.4141125223545,0.691619206782387,95,66.1969198564593,68.4337655733537
"Lucid","Screen flagged","Pooled","unemployment_better",10.4092989390472,10.5052470776355,82.7095598334104,-10.4863001331369,31.3048980112314,0.324640681580841,95,40.8492822966507,51.2585812356979
"Lucid","Screen flagged","Pooled","inflation_better",-3.24245024616878,10.3477445184145,83.7679037281032,-23.8209080661914,17.3360075738538,0.754794795294946,95,42.4491626794258,39.206712433257
"Lucid","Screen flagged","Pooled","unemployment_same",-9.66002993319927,10.5193425749218,83.8267249307797,-30.5795280497248,11.2594681833262,0.361090730458448,95,53.7230861244019,44.0630561912026
"Lucid","Screen flagged","Pooled","inflation_same",4.27371541501976,10.5653811035635,83.4168394264617,-16.7388498062494,25.2862806362889,0.686879093817826,95,44.4677033492823,48.7414187643021
"Lucid","Screen flagged","Pooled","unemployment_worse",-0.749269005847954,4.41429473160124,42.3659519307778,-9.65539725936024,8.15685924766433,0.866024926724933,95,5.42763157894737,4.67836257309941
"Lucid","Screen flagged","Pooled","inflation_worse",-1.03126516885098,6.95162414640073,79.9111519074725,-14.8656742320668,12.8031438943648,0.882441203666074,95,13.0831339712919,12.0518688024409
"Lucid","Screen flagged","Democrat","unemployment",12.0244565217391,7.73166531947285,52.244701503131,-3.488535498879,27.5374485423573,0.125930690888078,55,64.0625,76.0869565217391
"Lucid","Screen flagged","Democrat","inflation",-1.35869565217391,8.91978969991101,48.0987451016817,-19.2921837215658,16.574792417218,0.879568784832416,55,68.75,67.3913043478261
"Lucid","Screen flagged","Democrat","average",5.33288043478261,6.90611633834076,52.0426899750164,-8.52498527483161,19.1907461443968,0.443490559623775,55,66.40625,71.7391304347826
"Lucid","Screen flagged","Democrat","unemployment_better",14.6739130434783,13.7486868028985,46.4558896461858,-12.9934311890514,42.3412572760079,0.291353544564002,55,37.5,52.1739130434783
"Lucid","Screen flagged","Democrat","inflation_better",-3.39673913043478,13.857603793181,47.5631737146797,-31.2659312691368,24.4724530082672,0.807420083657147,55,46.875,43.4782608695652
"Lucid","Screen flagged","Democrat","unemployment_same",-5.29891304347827,13.9194716574858,47.3444314171806,-33.2959015125181,22.6980754255616,0.705140919724134,55,53.125,47.8260869565217
"Lucid","Screen flagged","Democrat","inflation_same",4.07608695652173,13.8854827334047,47.1733753826805,-23.8551913815672,32.0073652946107,0.770389229449896,55,43.75,47.8260869565217
"Lucid","Screen flagged","Democrat","unemployment_worse",-9.375,5.23514603733822,31,-20.0521507370002,1.30215073700017,0.0830987512824737,55,9.375,0
"Lucid","Screen flagged","Democrat","inflation_worse",-0.679347826086957,7.96840191395564,48.3241735853187,-16.6981175565334,15.3394219043594,0.932410738901806,55,9.375,8.69565217391304
"Lucid","Screen flagged","Republican","unemployment",-3.28282828282829,9.85620829832978,30.3908947810969,-23.4010397920787,16.8353832264221,0.74136677465717,40,72.7272727272727,69.4444444444444
"Lucid","Screen flagged","Republican","inflation",-0.757575757575765,11.4212105706268,36.9209983812108,-23.9008180905847,22.3856665754332,0.947472507427541,40,59.0909090909091,58.3333333333333
"Lucid","Screen flagged","Republican","average",-2.02020202020202,9.37846869573531,34.1596166583305,-21.0762637048826,17.0358596644786,0.830729832984591,40,65.9090909090909,63.8888888888889
"Lucid","Screen flagged","Republican","unemployment_better",4.54545454545455,16.2825851128377,36.3086944481314,-28.4674128660626,37.5583219569717,0.781705655820846,40,45.4545454545455,50
"Lucid","Screen flagged","Republican","inflation_better",-3.03030303030304,15.5213334386557,36.655358237892,-34.4894959397014,28.4288898790953,0.846287397594906,40,36.3636363636364,33.3333333333333
"Lucid","Screen flagged","Republican","unemployment_same",-15.6565656565657,16.0580326887167,36.6678643379266,-48.2031814440338,16.8900501309025,0.33594945803733,40,54.5454545454545,38.8888888888889
"Lucid","Screen flagged","Republican","inflation_same",4.54545454545455,16.2825851128377,36.3086944481314,-28.4674128660626,37.5583219569717,0.781705655820846,40,45.4545454545455,50
"Lucid","Screen flagged","Republican","unemployment_worse",11.1111111111111,7.62215933966706,17,-4.97023940044615,27.1924616226684,0.163138852844047,40,0,11.1111111111111
"Lucid","Screen flagged","Republican","inflation_worse",-1.51515151515152,12.3506112829148,36.8399426212615,-26.5435374876913,23.5132344573883,0.903028697192376,40,18.1818181818182,16.6666666666667
"Lucid","Strict identifiers","Pooled","unemployment",-8.06085635962101,3.17875970271854,424.884124924333,-14.3089087843249,-1.81280393491712,0.0115748227482843,467,75.6624978652409,67.6016415056199
"Lucid","Strict identifiers","Pooled","inflation",-9.44500548235668,3.21141475862219,429.283779418975,-15.757058683549,-3.13295228116432,0.00344770361385592,467,77.2359138739638,67.7909083916071
"Lucid","Strict identifiers","Pooled","average",-8.75293092098883,2.84653640152965,425.424434687398,-14.3479572221315,-3.15790461984612,0.0022411329563863,467,76.4492058696023,67.6962749486135
"Lucid","Strict identifiers","Pooled","unemployment_better",-9.69735999505777,4.6261891787384,446.512478392668,-18.7891682258625,-0.605551764253093,0.0366278313723094,467,59.2820640821849,49.5847040871272
"Lucid","Strict identifiers","Pooled","inflation_better",-13.1698431322852,4.58842821634203,443.051675874103,-22.1876315251926,-4.15205473937781,0.00429811915304198,467,63.2066052731835,50.0367621408983
"Lucid","Strict identifiers","Pooled","unemployment_same",3.27300727087354,4.42958624128414,444.986216816947,-5.4325001160801,11.9785146578272,0.460359197617212,467,32.7608675661118,36.0338748369854
"Lucid","Strict identifiers","Pooled","inflation_same",7.44967529985704,4.34193758956738,438.621644437553,-1.08391306170473,15.9832636614188,0.0869141386107079,467,28.0586172015607,35.5082925014177
"Lucid","Strict identifiers","Pooled","unemployment_worse",6.42435272418422,2.9356459787013,379.03346461586,0.652161082583444,12.196544365785,0.0292506160466894,467,7.95706835170321,14.3814210758874
"Lucid","Strict identifiers","Pooled","inflation_worse",5.72016783242816,2.99981783165548,400.161551824263,-0.177203844896464,11.6175395097528,0.0572574041873841,467,8.73477752525584,14.454945357684
"Lucid","Strict identifiers","Democrat","unemployment",-6.76230453434199,3.8138855528206,267.418067880553,-14.2713669567332,0.746757888049209,0.0773545369770778,296,76.6871165644172,69.9248120300752
"Lucid","Strict identifiers","Democrat","inflation",-9.73061488076019,3.95262278982386,265.311799701019,-17.5131143917252,-1.9481153697952,0.0144601921981913,296,78.5276073619632,68.796992481203
"Lucid","Strict identifiers","Democrat","average",-8.24645970755108,3.42245278907296,271.146790765627,-14.9844188826068,-1.50850053249536,0.0166402342307581,296,77.6073619631902,69.3609022556391
"Lucid","Strict identifiers","Democrat","unemployment_better",-8.38138290511555,5.81409304428359,280.049912787591,-19.8262563193356,3.06349050910446,0.150542883866764,296,59.5092024539877,51.1278195488722
"Lucid","Strict identifiers","Democrat","inflation_better",-13.2893583652383,5.75141728994188,276.983676456977,-24.6114003374759,-1.96731639300058,0.0215884342190014,296,64.4171779141104,51.1278195488722
"Lucid","Strict identifiers","Democrat","unemployment_same",3.23815674154712,5.62981104692789,279.86338061246,-7.84399496641197,14.3203084495062,0.565631453498691,296,34.3558282208589,37.593984962406
"Lucid","Strict identifiers","Democrat","inflation_same",7.11748696895613,5.46031205368895,274.757366763506,-3.63187748118821,17.8668514191005,0.193497139779093,296,28.2208588957055,35.3383458646617
"Lucid","Strict identifiers","Democrat","unemployment_worse",5.14322616356843,3.3369378634455,241.544573484112,-1.42998682824302,11.7164391553799,0.124552538513864,296,6.13496932515337,11.2781954887218
"Lucid","Strict identifiers","Democrat","inflation_worse",6.17187139628211,3.61595863583337,242.562913856966,-0.950815576283342,13.2945583688476,0.0891310860302272,296,7.36196319018405,13.5338345864662
"Lucid","Strict identifiers","Republican","unemployment",-10.3086419753086,5.63727257807393,161.223182856075,-21.4410567803029,0.823772829685572,0.0692988356487069,171,73.8888888888889,63.5802469135802
"Lucid","Strict identifiers","Republican","inflation",-8.95061728395062,5.48694942468304,164.1264434737,-19.7847265985521,1.88349203065085,0.104753762082286,171,75,66.0493827160494
"Lucid","Strict identifiers","Republican","average",-9.62962962962963,5.03353089186061,158.819852523823,-19.5709205494984,0.311661290239181,0.0575350315944826,171,74.4444444444444,64.8148148148148
"Lucid","Strict identifiers","Republican","unemployment_better",-11.9753086419753,7.6376065386588,166.570213748394,-27.0542973761163,3.10368009216569,0.118792876400545,171,58.8888888888889,46.9135802469136
"Lucid","Strict identifiers","Republican","inflation_better",-12.962962962963,7.60985320188419,166.139144852166,-27.9874433156109,2.06151738968491,0.090354705282847,171,61.1111111111111,48.1481481481481
"Lucid","Strict identifiers","Republican","unemployment_same",3.33333333333333,7.16751584551826,165.981469935668,-10.8179188228452,17.4845854895119,0.642497193188975,171,30,33.3333333333333
"Lucid","Strict identifiers","Republican","inflation_same",8.02469135802468,7.1604220774073,164.021864840343,-6.11379560242767,22.163178318477,0.264053404886271,171,27.7777777777778,35.8024691358025
"Lucid","Strict identifiers","Republican","unemployment_worse",8.64197530864197,5.55979246892565,151.881240981716,-2.34254183301426,19.6264924502982,0.122177452840864,171,11.1111111111111,19.7530864197531
"Lucid","Strict identifiers","Republican","inflation_worse",4.93827160493827,5.28575296312105,158.357758398898,-5.50139515680875,15.3779383666853,0.351591793432543,171,11.1111111111111,16.0493827160494
