"study","stage","n"
"MTurk","Export records",1505
"MTurk","Consenting nonpreview assigned",1503
"MTurk","Nonpartisans",78
"MTurk","Partisans",1425
"MTurk","Screen passed partisans",861
"MTurk","Screen flagged partisans",564
"MTurk","Strict identifiers",1258
"MTurk","Missing outcomes",0
"Lucid","Export records",821
"Lucid","Consenting nonpreview assigned",794
"Lucid","Nonpartisans",170
"Lucid","Partisans",624
"Lucid","Screen passed partisans",529
"Lucid","Screen flagged partisans",95
"Lucid","Strict identifiers",467
"Lucid","Missing outcomes",0
