"item_name","survey.x","study.x","year.x","prop_r_correct","prop_d_correct","dem_minus_rep","std.error","statistic","p.value","prop_correct_all","n_dem","n_rep","description","study.y","year.y","partisan_cue","response_options","exp_dk","exp_ns","tbyk","dyt","afayk","other_enc_wording","question_block","topic","address_misinfo","months_midterm","months_presidential","jnj_miscode","asked_election_year","response_open_int","actual_partisan","survey.y","sign","part_gap","sign_gap"
"unemp_1986_anes","ANES","ANES",1986,0.365942028985507,0.300751879699248,-0.0651901492862594,0.0346565127411346,-1.88103603421367,0.0603272841855512,0.332718894009218,532,276,"Unemployment over past year","anes",1986,0,3,0,0,0,0,0,0,0,1,0,1,25,0,1,1,1,"1",1,0.0651901492862594,0.0651901492862594
"infl_1986_anes","ANES","ANES",1986,0.431159420289852,0.426691729323305,-0.00446769096654699,0.03675167842112,-0.121564270217916,0.903274411954946,0.437788018433182,532,276,"Inflation over past year","anes",1986,0,3,0,0,0,0,0,0,0,1,0,1,25,0,1,1,1,"1",1,0.00446769096654699,0.00446769096654699
"unemp_1988_anes","ANES","ANES",1988,0.580722891566257,0.268343815513619,-0.312379076052638,0.0221883921783975,-14.0784908406643,9.21065985993848e-43,0.401864573110891,954,830,"Unemployment over past year","anes",1988,0,3,0,0,0,0,0,0,0,1,0,25,1,0,1,1,1,"2",1,0.312379076052638,0.312379076052638
"infl_1988_anes","ANES","ANES",1988,0.503614457831319,0.393081761006283,-0.110532696825036,0.0234539851867711,-4.71274693596127,2.63361946534437e-06,0.436702649656524,954,830,"Inflation over past year","anes",1988,0,3,0,0,0,0,0,0,0,1,0,25,1,0,1,1,1,"2",1,0.110532696825036,0.110532696825036
"deficit_since80_1988_anes","ANES","ANES",1988,0.768041237113408,0.729331823329565,-0.0387094137838433,0.0213705572776115,-1.81134320836811,0.0702687400732422,0.739268680445163,883,776,"Deficit compared to 1980","anes",1988,0,3,0,0,0,0,0,0,0,1,0,25,1,0,1,1,1,"2",-1,0.0387094137838433,-0.0387094137838433
"ss_since80_1988_anes","ANES","ANES",1988,0.489664082687334,0.393333333333331,-0.0963307493540025,0.0242210120787805,-3.97715624106376,7.27204344826968e-05,0.424513413992637,900,774,"Social Security benefits since 1980","anes",1988,0,3,0,0,0,0,0,0,0,6,0,25,1,0,1,1,1,"2",1,0.0963307493540025,0.0963307493540025
"school_since80_1988_anes","ANES","ANES",1988,0.285529715762272,0.209999999999999,-0.0755297157622727,0.0210128068361803,-3.59446105182978,0.0003344914886225,0.236191478169385,900,774,"School spending since 1980","anes",1988,0,3,0,0,0,0,0,0,0,8,0,25,1,0,1,1,1,"2",1,0.0755297157622727,0.0755297157622727
"unemp_1992_anes","ANES","ANES",1992,0.684148926285143,0.88507343903569,0.200924512750546,0.0169141855668443,11.8790533517856,1.43642944272925e-31,0.798001561692597,1229,928,"Unemployment over past year","anes",1992,0,3,0,0,0,0,0,0,0,1,0,25,1,0,1,1,1,"3",-1,-0.200924512750546,0.200924512750546
"infl_1992_anes","ANES","ANES",1992,0.0905605474401616,0.0331944331175796,-0.057366114322582,0.010094614157742,-5.68284368537114,1.50424898723524e-08,0.0602148487414881,1229,929,"Inflation over past year","anes",1992,0,3,0,0,0,0,0,0,0,1,0,25,1,0,1,1,1,"3",-1,0.057366114322582,-0.057366114322582
"deficit_clinton_1996_anes","ANES","ANES",1996,0.247161229479945,0.341037844117389,0.0938766146374432,0.0233671859254002,4.01745485901232,6.16561607215028e-05,0.289752988097393,894,654,"Deficit under Clinton","anes",1996,1,3,0,0,0,0,0,0,0,1,0,25,1,0,1,1,1,"4",-1,-0.0938766146374432,0.0938766146374432
"taxes_clinton_1996_anes","ANES","ANES",1996,0.599260634430599,0.373463705038748,-0.225796929391851,0.0249458012861861,-9.051500362784,4.12866566703543e-19,0.474253054193322,896,652,"Taxes under Clinton","anes",1996,1,3,0,0,0,0,0,0,0,1,0,25,1,0,1,1,1,"4",1,0.225796929391851,0.225796929391851
"deficit_92_2000_anes","ANES","ANES",2000,0.512563682208095,0.606122905884556,0.0935592236764612,0.0260287873257561,3.59445188535088,0.00033584950217841,0.545899119197426,821,646,"Deficit compared to 1992","anes",2000,1,3,0,0,0,0,0,0,0,1,0,25,1,0,1,1,1,"5",-1,-0.0935592236764612,0.0935592236764612
"crime_92_2000_anes","ANES","ANES",2000,0.297776801739434,0.420254376752483,0.122477575013049,0.0252196303981599,4.85643814280423,1.32311332867671e-06,0.350246061792645,822,646,"Crime compared to 1992","anes",2000,0,3,0,0,0,0,0,0,0,9,0,25,1,0,1,1,1,"5",-1,-0.122477575013049,0.122477575013049
"unemp_2004_anes","ANES","ANES",2004,0.442432905424877,0.108633389312744,-0.333799516112133,0.0283872565666643,-11.7587803995163,1.1584056843431e-29,0.258826933764725,518,446,"Unemployment over past year","anes",2004,0,3,0,0,0,0,0,0,0,1,0,25,1,0,1,1,1,"6",1,0.333799516112133,0.333799516112133
"infl_2004_anes","ANES","ANES",2004,0.376244557045942,0.602757175426539,0.226512618380598,0.033625153781401,6.73640393894312,3.01116710338849e-11,0.493446680720625,518,445,"Inflation over past year","anes",2004,0,3,0,0,0,0,0,0,0,1,0,25,1,0,1,1,1,"6",-1,-0.226512618380598,0.226512618380598
"taxes_gwb_2004_anes","ANES","ANES",2004,0.298282189686552,0.13134243896094,-0.166939750725612,0.0259256275890461,-6.43917876827584,1.90615523372229e-10,0.197634645944885,592,485,"Income tax for average person under Bush","anes",2004,1,3,0,0,0,0,0,0,0,1,0,25,1,0,1,1,1,"6",1,0.166939750725612,0.166939750725612
"unemp_2008_anes","ANES","ANES",2008,0.747567030244809,0.902836506306029,0.15526947606122,0.0172434337057192,9.00455667421517,5.37395805719994e-19,0.833202251685308,1343,644,"Unemployment over past year","anes",2008,0,3,0,0,0,0,0,0,0,1,0,25,1,0,1,1,1,"7",-1,-0.15526947606122,0.15526947606122
"infl_2008_anes","ANES","ANES",2008,0.189307752577109,0.147884606476685,-0.0414231461004237,0.0176768155530379,-2.34336020399923,0.0192193726906024,0.16717510116049,1338,646,"Inflation over past year","anes",2008,0,3,0,0,0,0,0,0,0,1,0,25,1,0,1,1,1,"7",1,0.0414231461004237,0.0414231461004237
"unemp_2012_anes","ANES","ANES",2012,0.0917838155894504,0.460993963347116,0.369210147757666,0.011684635592416,31.5979171825696,2.85297682366247e-200,0.274935453705846,3102,1995,"Unemployment over past year","anes",2012,0,3,0,0,0,0,0,0,0,1,0,25,1,0,1,1,1,"8",-1,-0.369210147757666,0.369210147757666
"birther","ANES","ANES",2012,0.200493575014891,0.688351295304228,0.487857720289336,0.012708125766019,38.3894312404309,6.04135362442497e-281,0.447534337710448,2888,1846,"Obama born in U.S.","anes",2012,1,4,0,0,0,0,0,0,0,9,1,25,1,0,1,1,1,"8",-1,-0.487857720289336,0.487857720289336
"death_panels","ANES","ANES",2012,0.139719390028636,0.378289416580791,0.238570026552155,0.0124894878107469,19.1016661505423,2.09844941812082e-78,0.2642267673447,2872,1843,"Health care end of life","anes",2012,0,4,0,0,0,0,0,0,0,2,1,25,1,0,1,1,1,"8",-1,-0.238570026552155,0.238570026552155
"9_11_2012","ANES","ANES",2012,0.239300057319049,0.203716468977834,-0.0355835883412141,0.0120695673707198,-2.94820744176284,0.00321183735952846,0.212371859279937,2889,1850,"Government knew about 9/11 -2012","anes",2012,0,4,0,0,0,0,0,0,0,9,1,25,1,0,1,1,1,"8",-1,0.0355835883412141,-0.0355835883412141
"katrina","ANES","ANES",2012,0.51858797275873,0.395989711207851,-0.12259826155088,0.0144117335534658,-8.50683653677437,2.36837965400872e-17,0.439233597214682,2883,1851,"Katrina flooding","anes",2012,0,4,0,0,0,1,0,0,0,5,1,25,1,0,1,1,1,"8",1,0.12259826155088,0.12259826155088
"unemp_2016_anes","ANES","ANES",2016,0.193298250298279,0.559004742278646,0.365706491980367,0.0161809357678661,22.6010718555986,5.96404348647068e-105,0.370836214295851,1939,1728,"Unemployment over past year","anes",2016,0,3,0,0,0,0,0,0,0,1,0,25,1,0,1,1,1,"9",-1,-0.365706491980367,0.365706491980367
"exist_warm_2016_anes","ANES","ANES",2016,0.676359201084924,0.903925117766571,0.227565916681646,0.0137327572568467,16.5710288491547,3.38401179235053e-59,0.803430662196944,1934,1723,"Existence of global warming","anes",2016,0,3,0,0,0,1,0,0,0,5,1,25,1,0,1,1,1,"9",-1,-0.227565916681646,0.227565916681646
"cause_warm_2016_anes","ANES","ANES",2016,0.221986404881419,0.529945686759112,0.307959281877693,0.0165438544827058,18.6147238057261,1.84957977280935e-73,0.389060976119869,1937,1724,"Cause of global warming","anes",2016,0,2,0,0,0,1,0,0,0,5,1,25,1,0,1,1,1,"9",-1,-0.307959281877693,0.307959281877693
"9_11_2016","ANES","ANES",2016,0.260531856655577,0.197931249583345,-0.0626006070722322,0.0149711200942846,-4.18142441433829,2.97628665849712e-05,0.214687624887126,1665,1469,"Government knew about 9/11 -2016","anes",2016,0,4,0,0,0,0,0,0,0,9,1,25,1,0,1,1,1,"9",1,0.0626006070722322,0.0626006070722322
"obama_muslim","ANES","ANES",2016,0.500642536713586,0.83004229198849,0.329399755274904,0.0157307723126525,20.9398336412232,3.46256414243189e-91,0.670393118542565,1661,1449,"Obama Muslim","anes",2016,1,2,0,0,0,0,0,0,0,9,1,25,1,0,1,0,1,"9",-1,-0.329399755274904,0.329399755274904
"iraq_change_b","CCES","Bullock et al.",2008,0.756097560975612,0.475524475524477,-0.280573085451135,0.0578134015865315,-4.85308038882976,2.08184615430344e-06,0.613333333333331,143,123,"Iraq casualties, 2007 vs. 2008","bullock_a",2008,0,3,0,0,0,0,0,0,0,3,0,24,0,0,1,1,1,"10",1,0.280573085451135,0.280573085451135
"gwb_infl_change_b","CCES","Bullock et al.",2008,0.532786885245904,0.857142857142859,0.324355971896956,0.0529444410148473,6.12634614096684,3.3107229308856e-09,0.712374581939796,140,122,"Bush inflation change","bullock_a",2008,1,3,0,0,0,0,0,0,0,1,0,24,0,0,1,1,1,"10",-1,-0.324355971896956,0.324355971896956
"gwb_unemp_change_b","CCES","Bullock et al.",2008,0.450819672131148,0.72857142857143,0.277751756440282,0.0584418809331304,4.75261493992788,3.32670530695757e-06,0.606666666666664,140,122,"Bush unemployment change","bullock_a",2008,1,3,0,0,0,0,0,0,0,1,0,24,0,0,1,1,1,"10",-1,-0.277751756440282,0.277751756440282
"gwb_approval_b","CCES","Bullock et al.",2008,0.407999999999999,0.717241379310344,0.309241379310345,0.0575565278655813,5.37282895230501,1.68430076002241e-07,0.545454545454546,145,125,"Estimated Bush approval","bullock_a",2008,1,5,0,0,0,0,0,0,0,9,0,24,0,0,1,0,1,"10",-1,-0.309241379310345,0.309241379310345
"iraq_total_b","CCES","Bullock et al.",2008,0.756097560975611,0.631205673758866,-0.124891887216744,0.056788146242879,-2.199259801202,0.028733381928771,0.684385382059801,141,123,"Iraq total casualties","bullock_a",2008,0,5,0,0,0,0,0,0,0,3,0,24,0,0,1,0,1,"10",1,0.124891887216744,0.124891887216744
"gwb_app_reps_b","CCES","Bullock et al.",2008,0.204918032786885,0.167832167832168,-0.0370858649547175,0.047974036669906,-0.7730403261642,0.440192721027785,0.182119205298013,143,122,"Estimated Bush approval among Republicans","bullock_a",2008,1,5,0,0,0,0,0,0,0,9,0,24,0,0,1,0,1,"10",1,0.0370858649547175,0.0370858649547175
"obama_age_b","CCES","Bullock et al.",2008,0.572580645161292,0.661971830985916,0.0893911858246249,0.0596217246643763,1.49930560257737,0.134989218968939,0.595394736842103,142,124,"Obama age","bullock_a",2008,1,4,0,0,0,0,0,0,0,9,0,24,0,0,1,0,0,"10",-1,-0.0893911858246249,0.0893911858246249
"mccain_age_b","CCES","Bullock et al.",2008,0.832000000000002,0.770833333333335,-0.0611666666666674,0.0490073234185211,-1.2481127798861,0.213083166265751,0.794788273615631,144,125,"McCain age","bullock_a",2008,1,4,0,0,0,0,0,0,0,9,0,24,0,0,1,0,0,"10",1,0.0611666666666674,0.0611666666666674
"afgh_change_b","CCES","Bullock et al.",2008,0.278688524590164,0.282608695652174,0.00392017106200999,0.0560594465845089,0.0699288220068385,0.944304482912787,0.289562289562289,138,122,"Afghanistan casualties, 2007 vs. 2008","bullock_a",2008,0,3,0,0,0,0,0,0,0,3,0,24,0,0,1,1,1,"10",-1,-0.00392017106200999,0.00392017106200999
"gwb_def_change_b","CCES","Bullock et al.",2008,0.91129032258065,0.93571428571429,0.0244239631336401,0.0327207395542656,0.746436769655963,0.456072865482758,0.920529801324498,140,124,"Bush deficit change","bullock_a",2008,1,3,0,0,0,0,0,0,0,1,0,24,0,0,1,1,1,"10",-1,-0.0244239631336401,0.0244239631336401
"def_spend_b","MTurk","Bullock et al.",2012,0.261904761904762,0.256410256410257,-0.00549450549450532,0.084480235507974,-0.0650389462276855,0.948253048808676,0.265734265734266,78,42,"Defense spending","bullock_b",2012,0,9,0,0,0,0,0,0,0,1,0,31,7,0,0,0,1,"11",1,0.00549450549450532,0.00549450549450532
"iraq_death_b","MTurk","Bullock et al.",2012,0.142857142857143,0.074468085106383,-0.0683890577507596,0.0576488594955651,-1.18630374215852,0.237716938120316,0.0967741935483871,94,35,"Iraq deaths","bullock_b",2012,0,9,0,0,0,0,0,0,0,3,0,31,7,0,0,0,1,"11",-1,0.0683890577507596,-0.0683890577507596
"iraq_deaths_black_b","MTurk","Bullock et al.",2012,0.277777777777778,0.168421052631579,-0.109356725146198,0.0690608297139823,-1.58348409075163,0.115460229935937,0.21301775147929,95,54,"Iraq deaths: percent black","bullock_b",2012,0,9,0,0,0,0,0,0,0,3,0,31,7,0,0,0,1,"11",1,0.109356725146198,0.109356725146198
"gwb_emp_change_b","MTurk","Bullock et al.",2012,0.0930232558139535,0.0879120879120879,-0.00511116790186557,0.0532369891900786,-0.0960078317655518,0.923659958061003,0.0886075949367088,91,43,"Bush II unemployment","bullock_b",2012,1,9,0,0,0,0,0,0,0,1,0,31,7,0,0,0,1,"11",-1,0.00511116790186557,-0.00511116790186557
"obama_vote_b","MTurk","Bullock et al.",2012,0.351351351351352,0.157894736842105,-0.193456614509246,0.0780051300303302,-2.4800498945906,0.0144149767108206,0.219512195121951,95,37,"Obama vote in 2008","bullock_b",2012,1,9,0,0,0,0,0,0,0,9,0,31,7,0,0,0,1,"11",1,0.193456614509246,0.193456614509246
"amount_warm_b","MTurk","Bullock et al.",2012,0.377358490566038,0.444444444444445,0.0670859538784069,0.0876014466153468,0.76580874483703,0.445157324337689,0.407894736842106,81,53,"Global warming","bullock_b",2012,0,9,0,0,0,0,0,0,0,5,1,31,7,0,0,0,1,"11",-1,-0.0670859538784069,0.0670859538784069
"medicaid_b","MTurk","Bullock et al.",2012,0.105263157894737,0.298969072164948,0.193705914270212,0.0811414361198388,2.38726258164972,0.0183813390440041,0.228187919463087,97,38,"Medicaid spending","bullock_b",2012,0,9,0,0,0,0,0,0,0,2,0,31,7,0,0,0,0,"11",-1,-0.193705914270212,0.193705914270212
"debt_service_b","MTurk","Bullock et al.",2012,0.0980392156862745,0.0989010989010989,0.0008618832148244,0.0525168637812555,0.0164115515049479,0.986929429378467,0.121951219512195,91,51,"Debt service spending","bullock_b",2012,0,9,0,0,0,0,0,0,0,1,0,31,7,0,0,0,1,"11",-1,-0.0008618832148244,0.0008618832148244
"obama_unemp_b","MTurk","Bullock et al.",2012,0.111111111111111,0.175,0.0638888888888888,0.0730547865716019,0.874533920187017,0.383666248445751,0.137404580152672,80,36,"Obama unemployment","bullock_b",2012,1,9,0,0,0,0,0,0,0,1,0,31,7,0,0,0,1,"11",1,-0.0638888888888888,-0.0638888888888888
"tarp_b","MTurk","Bullock et al.",2012,0.131578947368421,0.222222222222222,0.090643274853801,0.0778521898093515,1.16429961797829,0.24667124589112,0.191176470588235,81,38,"TARP: percent paid back","bullock_b",2012,0,9,0,0,0,0,0,0,0,1,0,31,7,0,0,0,1,"11",-1,-0.090643274853801,0.090643274853801
"foreign_b","MTurk","Bullock et al.",2012,0.264150943396227,0.395348837209302,0.131197893813076,0.082881595392998,1.58295569952506,0.115737368699805,0.355421686746988,86,53,"Foreign born population","bullock_b",2012,0,9,0,0,0,0,0,0,0,9,0,31,7,0,0,0,0,"11",-1,-0.131197893813076,0.131197893813076
"debt_2008_p","KN","Prior et al.",2008,0.154696132596685,0.153488372093023,-0.00120776050366179,0.0365073315106607,-0.0330826837702205,0.973625404195688,0.145263157894737,215,181,"Public debt","prior_b",2008,1,7,0,0,0,0,0,0,0,1,0,31,7,0,0,0,1,"47",1,0.00120776050366179,0.00120776050366179
"unemp_2008_p","KN","Prior et al.",2008,0.403314917127072,0.293023255813953,-0.110291661313119,0.047700493264122,-2.31217024743169,0.021283123473283,0.318565400843881,215,181,"Unemployment","prior_b",2008,1,9,0,0,0,0,0,0,0,1,0,31,7,0,0,0,1,"47",1,0.110291661313119,0.110291661313119
"uninsur_2008_p","KN","Prior et al.",2008,0.475138121546962,0.269767441860464,-0.205370679686498,0.0475361679262936,-4.32030364763378,1.97488738802838e-05,0.33263157894737,215,181,"Uninsured","prior_b",2008,1,9,0,0,0,0,0,0,0,2,0,31,7,0,0,0,1,"47",1,0.205370679686498,0.205370679686498
"estate_2008_p","KN","Prior et al.",2008,0.45303867403315,0.453271028037384,0.00023235400423429,0.050397724720465,0.00461040663091558,0.996323780098878,0.446088794926003,214,181,"Estate tax","prior_b",2008,1,5,0,0,0,0,0,0,0,1,0,31,7,0,0,0,1,"47",1,-0.00023235400423429,-0.00023235400423429
"gas_2008_p","KN","Prior et al.",2008,0.370165745856354,0.308411214953271,-0.0617545309030835,0.0477432021747905,-1.29347274774316,0.196607336689201,0.327695560253699,214,181,"Gas price","prior_b",2008,1,9,0,0,0,0,0,0,0,9,0,31,7,0,0,0,1,"47",-1,0.0617545309030835,-0.0617545309030835
"unemp_2004_p","KN","Prior et al.",2004,0.431818181818181,0.232876712328767,-0.198941469489414,0.0611762529568801,-3.25193943521905,0.00131668097757036,0.279069767441861,146,88,"Unemployment","prior_a",2004,0,5,0,0,0,0,0,0,0,1,0,25,1,0,1,0,1,"46",1,0.198941469489414,0.198941469489414
"estate_2004_p","KN","Prior et al.",2004,0.347826086956522,0.380000000000001,0.0321739130434782,0.0640866590951349,0.502037608103691,0.616101336278094,0.35576923076923,150,92,"Estate tax","prior_a",2004,0,5,0,0,0,0,0,0,0,1,0,25,1,0,1,0,1,"46",-1,-0.0321739130434782,0.0321739130434782
"debt_2004_p","KN","Prior et al.",2004,0.239130434782609,0.216216216216216,-0.0229142185663928,0.0556526031768472,-0.411736689002278,0.680902989172277,0.219354838709677,148,92,"Debt","prior_a",2004,1,7,0,0,0,0,0,0,0,1,0,25,1,0,1,0,1,"46",-1,0.0229142185663928,-0.0229142185663928
"uninsur_2004_p","KN","Prior et al.",2004,0.315217391304348,0.277027027027027,-0.0381903642773209,0.0605476856992445,-0.630748538714129,0.528810164814879,0.283870967741936,148,92,"Uninsured","prior_a",2004,0,9,0,0,0,0,0,0,0,1,0,25,1,0,1,0,1,"46",1,0.0381903642773209,0.0381903642773209
"pov_2004_p","KN","Prior et al.",2004,0.41304347826087,0.283783783783783,-0.129259694477087,0.06228702997946,-2.07522648807804,0.0390400993529884,0.312903225806452,148,92,"Poverty","prior_a",2004,0,9,0,0,0,0,0,0,0,1,0,25,1,0,1,0,1,"46",1,0.129259694477087,0.129259694477087
"jnj_2","jnj","Jerit & Barabas",-1,0.661211129296233,0.578294573643409,-0.0829165556528243,0.0273427654868887,-3.0324860772618,0.00247529300441147,0.618630573248405,645,611,"Talks with North Korea","jnj",2005,0,0,0,0,0,0,0,0,0,3,0,13,27,0,0,0,1,"44",1,0.0829165556528243,0.0829165556528243
"jnj_4","jnj","Jerit & Barabas",-1,0.753333333333332,0.746913580246912,-0.00641975308641971,0.0492220085144656,-0.130424443865046,0.896315220709617,0.749999999999998,162,150,"North Korea nuclear weapons - 2005","jnj",2005,0,2,0,0,0,0,1,0,0,3,0,13,27,0,0,0,1,"44",1,0.00641975308641971,0.00641975308641971
"jnj_12","jnj","Jerit & Barabas",-1,0.194630872483221,0.30379746835443,0.109166595871208,0.0492685910168659,2.21574422198999,0.0274471654633598,0.250814332247557,158,149,"Iran nuclear weapons","jnj",2005,0,2,0,0,0,0,1,0,0,3,0,13,27,0,0,0,1,"44",1,-0.109166595871208,-0.109166595871208
"jnj_20","jnj","Jerit & Barabas",-1,0.211180124223603,0.302816901408451,0.0916367771848482,0.0500092500154774,1.83239654976804,0.0678801824760349,0.254125412541254,142,161,"Patriot Act - hold terrorism suspects indefinitely","jnj",2004,0,2,0,0,0,0,0,0,0,3,0,33,9,0,0,0,1,"42",1,-0.0916367771848482,-0.0916367771848482
"jnj_21","jnj","Jerit & Barabas",-1,0.322981366459628,0.274647887323944,-0.0483334791356838,0.0528745006208457,-0.91411698584683,0.361387034399092,0.300330033003301,142,161,"Patriot Act - non-citizens before military tribunal","jnj",2004,0,2,0,0,0,0,0,0,1,3,0,33,9,0,0,0,1,"42",1,0.0483334791356838,0.0483334791356838
"jnj_22","jnj","Jerit & Barabas",-1,0.540372670807451,0.570422535211266,0.0300498644038145,0.0573830226354538,0.523671689355177,0.600892249426141,0.554455445544553,142,161,"Patriot Act - enter churches or attend rallies","jnj",2004,0,2,0,0,0,0,0,0,1,3,0,33,9,0,0,0,1,"42",1,-0.0300498644038145,-0.0300498644038145
"jnj_25","jnj","Jerit & Barabas",-1,0.119170984455958,0.610837438423644,0.491666453967686,0.0419243514210396,11.7274671474332,1.89501193007268e-27,0.371212121212121,203,193,"Iraq WMD - 2004","jnj",2004,0,2,0,0,0,0,0,1,1,3,1,29,5,0,0,0,1,"41",-1,-0.491666453967686,0.491666453967686
"jnj_26","jnj","Jerit & Barabas",-1,0.378238341968914,0.60591133004926,0.227672988080346,0.0490700579646029,4.6397538035227,4.75548279564548e-06,0.494949494949496,203,193,"Iraq connected to 9/11","jnj",2004,0,2,0,0,0,0,0,1,1,3,1,29,5,0,0,0,1,"41",-1,-0.227672988080346,0.227672988080346
"jnj_27","jnj","Jerit & Barabas",-1,0.943005181347158,0.724137931034491,-0.218867250312667,0.0361440982538282,-6.05540768442011,3.26915917974516e-09,0.830808080808088,203,193,"Saddam Hussein a threat to Middle East","jnj",2004,0,2,0,0,0,0,0,1,0,3,0,29,5,0,0,0,1,"41",1,0.218867250312667,0.218867250312667
"jnj_28","jnj","Jerit & Barabas",-1,0.834196891191714,0.453201970443355,-0.380994920748359,0.0444444339557663,-8.57238773988093,2.33547429435523e-16,0.638888888888893,203,193,"Saddam Hussein a threat to United States","jnj",2004,0,2,0,0,0,0,0,1,0,3,0,29,5,0,0,0,1,"41",1,0.380994920748359,0.380994920748359
"jnj_31","jnj","Jerit & Barabas",-1,0.738666666666664,0.576119402985074,-0.16254726368159,0.0350844186695014,-4.63303283468371,4.28899941187949e-06,0.661971830985914,335,375,"Iraq nuclear weapons","jnj",2003,0,2,0,0,0,0,1,0,1,3,1,46,22,0,0,0,1,"39",-1,0.16254726368159,-0.16254726368159
"jnj_33","jnj","Jerit & Barabas",-1,0.432000000000001,0.453731343283583,0.0217313432835818,0.0373812759746634,0.581343004404426,0.561194328306247,0.442253521126761,335,375,"North Korea nuclear weapons - 2003","jnj",2003,0,2,0,0,0,0,1,0,1,3,0,46,22,1,0,0,1,"39",1,-0.0217313432835818,-0.0217313432835818
"jnj_34","jnj","Jerit & Barabas",-1,0.250666666666667,0.283582089552239,0.0329154228855719,0.0332502370484978,0.98993047290347,0.322546293058315,0.266197183098592,335,375,"North Korea chemical/biological weapons","jnj",2003,0,2,0,0,0,0,1,0,1,3,0,46,22,1,0,0,1,"39",1,-0.0329154228855719,-0.0329154228855719
"jnj_35","jnj","Jerit & Barabas",-1,0.744479495268131,0.618122977346271,-0.12635651792186,0.0369407334338684,-3.42052001073731,0.000665806589922631,0.682108626198076,309,317,"Office recognition - VP","jnj",2002,0,0,0,0,0,0,0,0,1,4,0,6,30,0,0,0,0,"37",1,0.12635651792186,0.12635651792186
"jnj_36","jnj","Jerit & Barabas",-1,0.607382550335575,0.504347826086961,-0.103034724248614,0.0391771774005616,-2.62996803458171,0.00874429691597075,0.552099533437018,345,298,"Office recognition - Secretary of State - 2002","jnj",2002,0,0,0,0,0,0,0,0,1,4,0,6,30,0,0,0,0,"36",1,0.103034724248614,0.103034724248614
"jnj_37","jnj","Jerit & Barabas",-1,0.389570552147241,0.30793650793651,-0.0816340442107313,0.03759073185911,-2.17165349471502,0.0302489532135528,0.349453978159128,315,326,"Office recognition - Secretary of Defense","jnj",2002,0,0,0,0,0,0,0,0,1,4,0,6,30,0,0,0,0,"36",1,0.0816340442107313,0.0816340442107313
"jnj_39","jnj","Jerit & Barabas",-1,0.468144044321326,0.431438127090298,-0.0367059172310283,0.0389464017293995,-0.942472618807302,0.346296617382922,0.451515151515148,299,361,"Iran WMD","jnj",2002,0,3,0,0,0,1,0,0,1,3,0,9,33,0,0,0,1,"37",1,0.0367059172310283,0.0367059172310283
"jnj_41","jnj","Jerit & Barabas",-1,0.498614958448749,0.488294314381266,-0.0103206440674831,0.0391522713054017,-0.263602690811431,0.792168613278362,0.493939393939389,299,361,"North Korea WMD","jnj",2002,0,3,0,0,0,1,0,0,1,3,0,9,33,0,0,0,1,"37",1,0.0103206440674831,0.0103206440674831
"jnj_43","jnj","Jerit & Barabas",-1,0.197092084006461,0.150537634408601,-0.04655444959786,0.0212220826368848,-2.19367959282877,0.0284394482556575,0.173228346456692,651,619,"Issue behind Kyoto Protocol","jnj",2001,1,0,0,0,0,0,0,0,0,5,0,14,38,0,0,0,0,"35",1,0.04655444959786,0.04655444959786
"jnj_45","jnj","Jerit & Barabas",-1,0.590643274853802,0.433333333333336,-0.157309941520467,0.0510000232316234,-3.08450725220306,0.002188438962769,0.503937007874017,210,171,"Senate approve tax cut","jnj",2001,1,3,0,0,1,0,0,0,1,1,0,19,43,0,0,0,1,"33",-1,0.157309941520467,-0.157309941520467
"jnj_46","jnj","Jerit & Barabas",-1,0.280701754385964,0.219047619047619,-0.0616541353383454,0.0444095185821865,-1.38830902263093,0.165858419275839,0.246719160104986,210,171,"Senate pass McCain-Feingold","jnj",2001,1,2,0,0,0,0,0,0,1,1,0,19,43,0,0,0,1,"33",-1,0.0616541353383454,-0.0616541353383454
"jnj_47","jnj","Jerit & Barabas",-1,0.315789473684209,0.319047619047619,0.0032581453634093,0.0480783351308638,0.0677674331804752,0.946006505066353,0.31758530183727,210,171,"Limits on carbon emissions","jnj",2001,1,2,0,0,0,0,0,0,1,5,0,19,43,0,0,0,1,"33",1,-0.0032581453634093,-0.0032581453634093
"jnj_48","jnj","Jerit & Barabas",-1,0.222222222222222,0.301587301587302,0.0793650793650795,0.0822169905598665,0.965312386462134,0.336413956660902,0.264957264957265,63,54,"Regulation of arsenic in water","jnj",2001,1,2,0,0,0,0,0,1,1,5,0,19,43,0,0,0,1,"33",1,-0.0793650793650795,-0.0793650793650795
"jnj_49","jnj","Jerit & Barabas",-1,0.225609756097561,0.221698113207547,-0.00391164289001368,0.0434310874359765,-0.0900655065517297,0.928283372967511,0.223404255319149,212,164,"Bush support of Kyoto Protocol","jnj",2001,1,2,0,0,0,0,0,1,1,5,0,19,43,0,0,0,1,"33",1,0.00391164289001368,0.00391164289001368
"jnj_51","jnj","Jerit & Barabas",-1,0.670731707317074,0.551886792452831,-0.118844914864242,0.0506296113115077,-2.34734006020761,0.0194286916543449,0.60372340425532,212,164,"Spending on education","jnj",2001,1,3,0,0,0,0,0,1,1,8,0,19,43,0,0,0,1,"33",-1,0.118844914864242,-0.118844914864242
"jnj_52","jnj","Jerit & Barabas",-1,0.207317073170732,0.174528301886793,-0.0327887712839389,0.0407735280482051,-0.804168117244451,0.421810740435823,0.188829787234043,212,164,"Regulations on lead","jnj",2001,1,2,0,0,0,0,0,1,1,5,0,19,43,0,0,0,1,"33",-1,0.0327887712839389,-0.0327887712839389
"jnj_63","jnj","Jerit & Barabas",-1,0.37179487179487,0.285714285714284,-0.086080586080586,0.0252373400288092,-3.41084226714552,0.000666359064089388,0.324637681159419,756,624,"Which candidate allows investment of SS in stocks/bonds","jnj",2000,0,0,0,0,0,0,0,1,1,4,0,27,3,0,1,0,1,"32",1,0.086080586080586,0.086080586080586
"jnj_64","jnj","Jerit & Barabas",-1,0.426282051282048,0.469576719576718,0.04329466829467,0.0269017868525313,1.60936031989252,0.107766623061953,0.449999999999998,756,624,"Which candidate's wife advocates for mental illness","jnj",2000,0,0,0,0,0,0,0,1,1,4,0,29,5,0,0,0,1,"32",-1,-0.04329466829467,0.04329466829467
"jnj_65","jnj","Jerit & Barabas",-1,0.237179487179487,0.153439153439152,-0.0837403337403346,0.0211691933424171,-3.9557640381385,8.01712342893094e-05,0.191304347826086,756,624,"Which candidate proposes missile defense system","jnj",2000,0,0,0,0,0,0,0,1,1,4,0,29,5,0,0,0,1,"32",1,0.0837403337403346,0.0837403337403346
"jnj_66","jnj","Jerit & Barabas",-1,0.282051282051281,0.334656084656084,0.0526048026048027,0.0250118126511595,2.10319833026432,0.0356293548480224,0.31086956521739,756,624,"Which candidate proposes using surplus Medicaid $","jnj",2000,0,0,0,0,0,0,0,1,1,4,0,29,5,0,0,0,1,"32",-1,-0.0526048026048027,0.0526048026048027
"jnj_67","jnj","Jerit & Barabas",-1,0.813218390804596,0.783505154639173,-0.0297132361654233,0.0296867395908321,-1.00089253905806,0.317208605994388,0.797554347826085,388,348,"Next Democratic presidential nominee","jnj",2000,0,0,0,0,0,0,0,1,1,4,0,32,8,0,0,0,0,"30",-1,0.0297132361654233,-0.0297132361654233
"jnj_68","jnj","Jerit & Barabas",-1,0.856321839080458,0.786082474226802,-0.070239364853656,0.0283282507246211,-2.47948119128332,0.0133807778204861,0.819293478260867,388,348,"Next Republican presidential nominee","jnj",2000,0,0,0,0,0,0,0,1,1,4,0,32,8,0,0,0,0,"30",1,0.070239364853656,0.070239364853656
"jnj_71","jnj","Jerit & Barabas",-1,0.539062500000002,0.423452768729644,-0.115609731270358,0.042063299947676,-2.74847031531452,0.00618017093117758,0.476021314387213,307,256,"Country stealing nuclear tech","jnj",1999,0,0,0,0,0,0,0,1,0,3,0,43,19,0,0,0,0,"21",1,0.115609731270358,0.115609731270358
"jnj_72","jnj","Jerit & Barabas",-1,0.721904761904748,0.667244367417664,-0.054660394487084,0.0277893712801498,-1.96695326195193,0.0494396419657573,0.693284936479115,577,525,"U.S. troops in Bosnia","jnj",1999,0,2,0,0,0,0,1,0,0,3,0,43,19,0,0,0,1,"21",1,0.054660394487084,0.054660394487084
"jnj_73","jnj","Jerit & Barabas",-1,0.382857142857144,0.299826689774696,-0.0830304530824473,0.0284751227998605,-2.91589446921908,0.00361865643401361,0.339382940108893,577,525,"U.S. troops in Haiti","jnj",1999,0,2,0,0,0,0,1,0,0,3,0,43,19,0,0,0,1,"21",1,0.0830304530824473,0.0830304530824473
"jnj_74","jnj","Jerit & Barabas",-1,0.612403100775201,0.501650165016509,-0.110752935758692,0.0241829914964066,-4.57978640794497,4.99689625596911e-06,0.552584670231735,909,774,"Control of House - 1997","jnj",1997,0,2,0,0,0,0,0,1,0,9,0,17,41,0,0,0,0,"17",1,0.110752935758692,0.110752935758692
"jnj_75","jnj","Jerit & Barabas",-1,0.423772609819119,0.324532453245324,-0.0992401565737948,0.023505537476707,-4.22199052764217,2.55103736661628e-05,0.37017231134878,909,774,"Gingrich ethics fine","jnj",1997,1,0,0,0,0,0,0,1,0,9,0,17,41,0,0,0,1,"17",-1,0.0992401565737948,-0.0992401565737948
"jnj_78","jnj","Jerit & Barabas",-1,0.262295081967213,0.133004926108374,-0.129290155858838,0.0398944239408748,-3.24080768907584,0.00129592859200625,0.194300518134715,203,183,"Trent Lott recognition","jnj",1997,1,0,0,0,0,0,0,0,1,4,0,18,42,0,0,0,0,"15",1,0.129290155858838,0.129290155858838
"jnj_79","jnj","Jerit & Barabas",-1,0.120218579234973,0.0788177339901478,-0.0414008452448248,0.0303734510479769,-1.36306029826606,0.173662213527306,0.0984455958549222,203,183,"Louis Freeh recognition","jnj",1997,1,0,0,0,0,0,0,0,1,4,0,18,42,0,0,0,0,"15",-1,0.0414008452448248,-0.0414008452448248
"jnj_80","jnj","Jerit & Barabas",-1,0.295081967213114,0.192118226600986,-0.102963740612129,0.0433885089630016,-2.37306473702354,0.0181327654017967,0.240932642487047,203,183,"John Huang recognition","jnj",1997,1,0,0,0,0,0,0,0,1,4,0,18,42,0,0,0,0,"15",1,0.102963740612129,0.102963740612129
"jnj_82","jnj","Jerit & Barabas",-1,0.311475409836065,0.167487684729064,-0.143987725107001,0.0427534727833228,-3.36786033351582,0.000834140796354027,0.235751295336788,203,183,"Kenneth Starr recognition","jnj",1997,1,0,0,0,0,0,0,0,1,4,0,18,42,0,0,0,0,"15",1,0.143987725107001,0.143987725107001
"jnj_84","jnj","Jerit & Barabas",-1,0.142076502732241,0.117647058823529,-0.0244294439087111,0.0350099246935195,-0.697786245545199,0.485751522538741,0.12972972972973,187,183,"Ralph Reed recognition","jnj",1997,1,0,0,0,0,0,0,0,1,4,0,18,42,0,0,0,0,"15",1,0.0244294439087111,0.0244294439087111
"jnj_86","jnj","Jerit & Barabas",-1,0.229508196721312,0.171122994652406,-0.0583852020689051,0.0415941172172366,-1.40368893427819,0.161254779574198,0.2,187,183,"Wester Hubbell recognition","jnj",1997,1,0,0,0,0,0,0,0,1,4,0,18,42,0,0,0,0,"15",1,0.0583852020689051,0.0583852020689051
"jnj_90","jnj","Jerit & Barabas",-1,0.497925311203319,0.447963800904977,-0.0499615102983421,0.0465477250894848,-1.07333946400806,0.283681565777543,0.474025974025974,221,241,"Office recognition - CT Dem Senator who lost primary","jnj",2006,0,0,0,0,0,0,0,1,0,4,0,3,27,0,1,0,0,"46",1,0.0499615102983421,0.0499615102983421
"jnj_96","jnj","Jerit & Barabas",-1,0.364256480218284,0.330935251798564,-0.0333212284197203,0.024093088392268,-1.38302022045516,0.166855945079787,0.346522016592217,834,733,"Medicare drug plan - cost program for poor seniors","jnj",2006,0,2,0,0,1,0,0,0,1,2,0,5,29,0,0,0,1,"45",-1,0.0333212284197203,-0.0333212284197203
"jnj_97","jnj","Jerit & Barabas",-1,0.590723055934526,0.587529976019194,-0.00319307991533162,0.0249258124908486,-0.128103343331494,0.898083648999709,0.589023611997457,834,733,"Medicare drug plan - premium penalty","jnj",2006,0,2,0,0,1,0,0,0,1,2,0,5,29,0,0,0,1,"45",1,0.00319307991533162,0.00319307991533162
"jnj_98","jnj","Jerit & Barabas",-1,0.413978494623656,0.431818181818182,0.0178396871945262,0.0493336653820357,0.361612847056411,0.717830409960946,0.423645320197045,220,186,"Medicare drug plan - wait to switch","jnj",2006,0,2,0,0,1,0,0,0,1,2,0,5,29,0,0,0,1,"45",1,-0.0178396871945262,-0.0178396871945262
"jnj_99","jnj","Jerit & Barabas",-1,0.311827956989248,0.327272727272728,0.0154447702834799,0.0465809819594979,0.331568155796053,0.7403872980389,0.320197044334976,220,186,"Medicare drug plan - coverage gap","jnj",2006,0,2,0,0,0,0,0,0,0,2,0,5,29,0,0,0,1,"45",1,-0.0154447702834799,-0.0154447702834799
"jnj_100","jnj","Jerit & Barabas",-1,0.724193548387085,0.700751879699237,-0.0234416686878484,0.0252898379201253,-0.926920479359573,0.35414215194914,0.712062256809327,665,620,"Control of House - 2006","jnj",2006,0,2,0,0,0,0,0,1,0,9,0,6,30,0,0,0,0,"48",1,0.0234416686878484,0.0234416686878484
"jnj_101","jnj","Jerit & Barabas",-1,0.496774193548381,0.469172932330821,-0.0276012612175606,0.0279075158176223,-0.989026088811947,0.322836858182265,0.482490272373535,665,620,"Office recognition - Secretary of State - 2006","jnj",2006,0,0,0,0,0,0,0,0,0,4,0,6,30,0,0,0,0,"48",1,0.0276012612175606,0.0276012612175606
"jnj_103","jnj","Jerit & Barabas",-1,0.423558897243106,0.411889596602971,-0.0116693006401353,0.0335869317610699,-0.347435744448113,0.728348209933515,0.417241379310343,471,399,"Deadline for Medicare drug plan","jnj",2006,0,4,0,0,1,0,0,0,0,2,0,7,31,0,0,0,1,"47",1,0.0116693006401353,0.0116693006401353
"jnj_104","jnj","Jerit & Barabas",-1,0.44611528822055,0.382165605095539,-0.0639496831250102,0.0334508634516353,-1.91174984817571,0.0562372944206716,0.411494252873562,471,399,"Financial penalty for no Rx coverage","jnj",2006,0,2,0,0,1,0,0,0,0,2,0,7,31,0,0,0,1,"47",1,0.0639496831250102,0.0639496831250102
"jnj_105","jnj","Jerit & Barabas",-1,0.320802005012531,0.515923566878979,0.195121561866448,0.0330309925025633,5.90722673111642,4.99207265621996e-09,0.426436781609194,471,399,"Blacks vs. whites better off - health insurance","jnj",2006,0,3,0,0,0,1,0,0,1,9,0,7,31,0,0,1,1,"47",-1,-0.195121561866448,0.195121561866448
"jnj_106","jnj","Jerit & Barabas",-1,0.273182957393484,0.418259023354563,0.14507606596108,0.0321520680680831,4.51218458650549,7.29937519244791e-06,0.351724137931033,471,399,"Blacks vs. whites better off - infant mortality","jnj",2006,0,3,0,0,0,1,0,0,1,9,0,7,31,0,0,1,1,"47",-1,-0.14507606596108,0.14507606596108
"jnj_107","jnj","Jerit & Barabas",-1,0.31328320802005,0.439490445859872,0.126207237839822,0.0328120570419176,3.84636774459435,0.00012865133823847,0.381609195402298,471,399,"Blacks vs. whites better off - life expectancy","jnj",2006,0,3,0,0,0,1,0,0,1,9,0,7,31,0,0,1,1,"47",-1,-0.126207237839822,0.126207237839822
"jnj_108","jnj","Jerit & Barabas",-1,0.385964912280701,0.475583864118894,0.0896189518381926,0.033628086188981,2.66500303747759,0.00784171200924071,0.434482758620688,471,399,"Latinos vs. whites better off - health insurance","jnj",2006,0,3,0,0,0,1,0,0,1,9,0,7,31,0,0,1,1,"47",-1,-0.0896189518381926,0.0896189518381926
"jnj_109","jnj","Jerit & Barabas",-1,0.390977443609021,0.358811040339701,-0.0321664032693194,0.032934013167202,-0.976692488279957,0.328993535312761,0.373563218390803,471,399,"Latinos vs. whites better off - infant mortality","jnj",2006,0,3,0,0,0,1,0,0,1,9,0,7,31,0,0,1,1,"47",1,0.0321664032693194,0.0321664032693194
"jnj_110","jnj","Jerit & Barabas",-1,0.0977443609022554,0.0764331210191083,-0.0213112398831472,0.0191049703996319,-1.11548143950842,0.26495289476473,0.0862068965517241,471,399,"Latinos vs. whites better off - life expectancy","jnj",2006,0,3,0,0,0,1,0,0,1,9,0,7,31,0,0,1,1,"47",1,0.0213112398831472,0.0213112398831472
"jnj_111","jnj","Jerit & Barabas",-1,0.358395989974937,0.498938428874733,0.140542438899796,0.0334267132934915,4.20449470056517,2.88806378106056e-05,0.434482758620688,471,399,"Blacks vs. whites - medical attention for heart disease","jnj",2006,0,2,0,0,0,0,0,1,1,9,0,7,31,0,0,1,1,"47",-1,-0.140542438899796,0.140542438899796
"jnj_112","jnj","Jerit & Barabas",-1,0.398496240601502,0.526539278131632,0.12804303753013,0.0337094083207639,3.79843622028987,0.000155758337110829,0.46781609195402,471,399,"Blacks vs. whites - medical attention for HIV/AIDS","jnj",2006,0,2,0,0,0,0,0,1,1,9,0,7,31,0,0,1,1,"47",-1,-0.12804303753013,0.12804303753013
"jnj_113","jnj","Jerit & Barabas",-1,0.523917995444186,0.58932238193018,0.0654043864859931,0.032646226150409,2.00342870213113,0.04542290108918,0.558315334773213,487,439,"Clinton health plan - all Americans","jnj",1993,1,2,0,0,0,0,0,1,1,2,0,11,35,0,0,0,1,"12",-1,-0.0654043864859931,0.0654043864859931
"jnj_114","jnj","Jerit & Barabas",-1,0.448747152619587,0.48049281314168,0.0317456605220935,0.0328465000104463,0.966485333657992,0.334054271470003,0.46544276457883,487,439,"Clinton health plan - unemployed workers","jnj",1993,1,2,0,0,0,0,0,1,1,2,0,11,35,0,0,0,1,"12",-1,-0.0317456605220935,0.0317456605220935
"jnj_115","jnj","Jerit & Barabas",-1,0.579365079365079,0.540740740740741,-0.0386243386243384,0.0616871729367571,-0.626132415955208,0.531779500057884,0.559386973180077,135,126,"Congress considered - raise Medicare eligibility","jnj",1997,0,2,0,0,1,0,0,0,1,1,0,15,39,0,0,0,1,"13",1,0.0386243386243384,0.0386243386243384
"jnj_116","jnj","Jerit & Barabas",-1,0.674603174603174,0.62962962962963,-0.0449735449735446,0.0591915417372956,-0.759796816463179,0.448067070354255,0.651340996168582,135,126,"Congress considered - rich seniors pay higher Medicare premiums","jnj",1997,0,2,0,0,1,0,0,0,1,2,0,15,39,0,0,0,1,"13",1,0.0449735449735446,0.0449735449735446
"jnj_117","jnj","Jerit & Barabas",-1,0.341269841269842,0.385185185185186,0.0439153439153438,0.0597670234694259,0.734775489326633,0.463140987783925,0.363984674329503,135,126,"Congress considered - no Medicare for rich seniors","jnj",1997,0,2,0,0,1,0,0,0,1,2,0,15,39,0,0,0,1,"13",-1,-0.0439153439153438,0.0439153439153438
"jnj_118","jnj","Jerit & Barabas",-1,0.515873015873017,0.511111111111112,-0.00476190476190517,0.0621508824131054,-0.0766184578081076,0.938986226918093,0.513409961685825,135,126,"Congress considered - expand choice under Medicare","jnj",1997,0,2,0,0,1,0,0,0,1,2,0,15,39,0,0,0,1,"13",-1,0.00476190476190517,-0.00476190476190517
"jnj_119","jnj","Jerit & Barabas",-1,0.484126984126986,0.48888888888889,0.0047619047619035,0.0621508824131054,0.0766184578080808,0.938986226918115,0.486590038314178,135,126,"Congress considered - cut Medicare payments","jnj",1997,0,2,0,0,1,0,0,0,1,2,0,15,39,0,0,0,1,"13",1,-0.0047619047619035,-0.0047619047619035
"jnj_122","jnj","Jerit & Barabas",-1,0.376623376623377,0.2707182320442,-0.105905144579177,0.0509374085571407,-2.07912313521749,0.0383710252381644,0.319402985074628,181,154,"Existence of Medicare commission","jnj",1999,0,2,0,0,0,0,0,0,0,2,0,45,21,0,0,0,0,"20",-1,0.105905144579177,-0.105905144579177
"jnj_124","jnj","Jerit & Barabas",-1,0.342507645259937,0.426966292134829,0.0844586468748925,0.0372134781961453,2.26957142865622,0.023545447773606,0.386530014641286,356,327,"SOTU proposal - health care tax credits for elderly and disabled","jnj",1999,1,2,0,0,0,0,1,0,1,2,0,45,21,0,0,0,1,"24",-1,-0.0844586468748925,0.0844586468748925
"jnj_125","jnj","Jerit & Barabas",-1,0.259938837920488,0.247191011235953,-0.0127478266845347,0.0333571658214042,-0.382161564708079,0.702460757122768,0.25329428989751,356,327,"SOTU proposal - rich seniors pay more for Medicare","jnj",1999,1,2,0,0,0,0,1,0,1,2,0,45,21,0,0,0,1,"24",1,0.0127478266845347,0.0127478266845347
"jnj_126","jnj","Jerit & Barabas",-1,0.516819571865439,0.511235955056176,-0.0055836168092635,0.0383392317135067,-0.14563715963292,0.884250927235499,0.513909224011709,356,327,"SOTU proposal - use budget surplus for Medicare","jnj",1999,1,2,0,0,0,0,1,0,1,2,0,45,21,0,0,0,1,"24",-1,0.0055836168092635,-0.0055836168092635
"jnj_127","jnj","Jerit & Barabas",-1,0.238532110091742,0.224719101123594,-0.013813008968148,0.0323427996976069,-0.427081424530172,0.669455013893144,0.231332357247437,356,327,"SOTU proposal - offer option to buy Medicaid before 65","jnj",1999,1,2,0,0,0,0,1,0,1,2,0,45,21,0,0,0,1,"24",-1,0.013813008968148,-0.013813008968148
"jnj_128","jnj","Jerit & Barabas",-1,0.617737003058099,0.626404494382018,0.00866749132391882,0.0371890056744191,0.233065960402401,0.815780220213705,0.622254758418736,356,327,"SOTU proposal - use budget surplus for Social Security","jnj",1999,1,2,0,0,0,0,1,0,1,6,0,45,21,0,0,0,1,"24",-1,-0.00866749132391882,0.00866749132391882
"jnj_129","jnj","Jerit & Barabas",-1,0.54128440366972,0.474719101123592,-0.0665653025461289,0.0382664204605323,-1.73952258259389,0.0823946991480241,0.506588579795018,356,327,"SOTU proposal - invest Social Security funds in stock market","jnj",1999,1,2,0,0,0,0,1,0,1,6,0,45,21,0,0,0,1,"24",-1,0.0665653025461289,-0.0665653025461289
"jnj_130","jnj","Jerit & Barabas",-1,0.385321100917429,0.466292134831458,0.080971033914029,0.0378225567486868,2.14081333665631,0.0326435243015071,0.427525622254755,356,327,"SOTU proposal - individual retirement savings accounts","jnj",1999,1,2,0,0,0,0,1,0,1,6,0,45,21,0,0,0,1,"24",1,-0.080971033914029,-0.080971033914029
"jnj_131","jnj","Jerit & Barabas",-1,0.275229357798164,0.292134831460673,0.0169054736625091,0.0345865063491971,0.488788127133331,0.625149072881189,0.284040995607612,356,327,"SOTU proposal - raising age for Social Security to 70","jnj",1999,1,2,0,0,0,0,1,0,1,6,0,45,21,0,0,0,1,"24",-1,-0.0169054736625091,0.0169054736625091
"jnj_132","jnj","Jerit & Barabas",-1,0.545454545454544,0.551246537396121,0.0057919919415762,0.037633346363556,0.153905844184645,0.877728335020528,0.548433048433047,361,341,"Pot panel rec - help cancer and AIDS pain","jnj",1999,0,2,0,0,0,0,0,0,1,9,0,43,19,0,0,0,0,"23",-1,-0.0057919919415762,0.0057919919415762
"jnj_133","jnj","Jerit & Barabas",-1,0.225806451612903,0.277008310249307,0.0512018586364042,0.0327816656865363,1.56190533836825,0.118762247327836,0.252136752136752,361,341,"Pot panel rec - no evidence of gateway drug","jnj",1999,0,2,0,0,0,0,0,0,1,9,0,43,19,0,0,0,0,"23",-1,-0.0512018586364042,0.0512018586364042
"jnj_134","jnj","Jerit & Barabas",-1,0.284457478005865,0.290858725761772,0.00640124775590651,0.0342349762807406,0.186979763135038,0.851730678593224,0.287749287749287,361,341,"Pot panel rec - pot smoke more toxic than tobacco smoke","jnj",1999,0,2,0,0,0,0,0,0,1,9,0,43,19,0,0,0,0,"23",-1,-0.00640124775590651,0.00640124775590651
"jnj_136","jnj","Jerit & Barabas",-1,0.30989010989011,0.355658198614319,0.0457680887242092,0.0316197890224732,1.4474507939215,0.148124435936588,0.332207207207207,433,455,"Medical error report - new government agency","jnj",1999,0,2,0,0,1,0,0,0,1,2,0,25,11,0,0,0,0,"25",-1,-0.0457680887242092,0.0457680887242092
"jnj_138","jnj","Jerit & Barabas",-1,0.232967032967034,0.189376443418014,-0.0435905895490201,0.027418446782931,-1.58982709320197,0.112230523336931,0.211711711711712,433,455,"Medical error report - tougher malpractice laws","jnj",1999,0,2,0,0,1,0,0,0,1,2,0,25,11,0,0,0,0,"25",1,0.0435905895490201,0.0435905895490201
"jnj_139","jnj","Jerit & Barabas",-1,0.34375,0.450867052023121,0.107117052023121,0.0403052373674392,2.65764597902247,0.00807849719293706,0.40531561461794,346,256,"SOTU proposal - offer option to buy Medicare before 65","jnj",2000,1,2,0,0,0,0,1,0,1,2,0,33,9,0,0,0,1,"26",-1,-0.107117052023121,0.107117052023121
"jnj_140","jnj","Jerit & Barabas",-1,0.23046875,0.254335260115606,0.0238665101156061,0.0354622955137455,0.673010863223878,0.501199505714116,0.244186046511628,346,256,"SOTU proposal - rich seniors pay more for Medicare","jnj",2000,1,2,0,0,0,0,1,0,1,2,0,33,9,0,0,0,1,"26",1,-0.0238665101156061,-0.0238665101156061
"jnj_141","jnj","Jerit & Barabas",-1,0.476562500000004,0.624277456647401,0.147714956647397,0.040529543976109,3.64462419647431,0.000290999308801767,0.561461794019937,346,256,"SOTU proposal - extend Medicare to provide Rx benefits","jnj",2000,1,2,0,0,0,0,1,0,1,2,0,33,9,0,0,0,1,"26",-1,-0.147714956647397,0.147714956647397
"jnj_142","jnj","Jerit & Barabas",-1,0.359375,0.442196531791908,0.0828215317919081,0.0404268411837992,2.04867680399176,0.0409282466271032,0.406976744186047,346,256,"SOTU proposal - expand CHIP to kids' parents","jnj",2000,1,2,0,0,0,0,1,0,1,2,0,33,9,0,0,0,1,"26",-1,-0.0828215317919081,0.0828215317919081
"jnj_143","jnj","Jerit & Barabas",-1,0.25,0.401734104046241,0.151734104046241,0.0385446023693215,3.93658501370376,9.23380871476992e-05,0.337209302325581,346,256,"SOTU proposal - tax credit for elderly health care","jnj",2000,1,2,0,0,0,0,1,0,1,2,0,33,9,0,0,0,1,"26",-1,-0.151734104046241,0.151734104046241
"jnj_154","jnj","Jerit & Barabas",-1,0.755813953488372,0.827586206896552,0.07177225340818,0.0572947115781154,1.25268548232983,0.211782907685995,0.797029702970297,116,86,"Clinton SOTU health mention - children","jnj",1997,1,2,0,0,0,0,0,0,1,2,0,21,45,0,0,0,1,"14",-1,-0.07177225340818,0.07177225340818
"jnj_155","jnj","Jerit & Barabas",-1,0.697674418604651,0.71551724137931,0.0178428227746591,0.0650158205777178,0.274438169296508,0.784031174884902,0.707920792079208,116,86,"Clinton SOTU health mention - workers","jnj",1997,1,2,0,0,0,0,0,0,1,2,0,21,45,0,0,0,1,"14",-1,-0.0178428227746591,0.0178428227746591
"jnj_156","jnj","Jerit & Barabas",-1,0.232558139534884,0.181034482758621,-0.0515236567762632,0.0574035436238729,-0.897569270529069,0.370494433825333,0.202970297029703,116,86,"Clinton SOTU health mention - low-income people","jnj",1997,1,2,0,0,0,0,0,0,1,2,0,21,45,0,0,0,1,"14",1,0.0515236567762632,0.0515236567762632
"jnj_157","jnj","Jerit & Barabas",-1,0.220930232558139,0.120689655172414,-0.100240577385726,0.0523924387066286,-1.91326420110014,0.0571424351577255,0.163366336633663,116,86,"Clinton SOTU health mention - long-term care","jnj",1997,1,2,0,0,0,0,0,0,1,2,0,21,45,0,0,0,1,"14",1,0.100240577385726,0.100240577385726
"jnj_159","jnj","Jerit & Barabas",-1,0.422619047619047,0.389784946236557,-0.0328341013824902,0.0369824969926328,-0.887828136348691,0.374935566107832,0.405367231638417,372,336,"Budget agreement - increase senior premiums","jnj",1997,1,2,0,0,0,0,0,0,1,2,0,17,41,0,0,0,1,"16",1,0.0328341013824902,0.0328341013824902
"jnj_160","jnj","Jerit & Barabas",-1,0.315476190476191,0.330645161290323,0.0151689708141325,0.0352521083634244,0.430299676199536,0.667108981223921,0.323446327683616,372,336,"Budget agreement - prescription drugs","jnj",1997,1,2,0,0,0,0,0,0,1,2,0,17,41,0,0,0,1,"16",1,-0.0151689708141325,-0.0151689708141325
"jnj_161","jnj","Jerit & Barabas",-1,0.294642857142857,0.241935483870969,-0.0527073732718889,0.0332813603969465,-1.58369046947747,0.113711994399016,0.266949152542374,372,336,"Budget agreement - raising payroll tax","jnj",1997,1,2,0,0,0,0,0,0,1,2,0,17,41,0,0,0,1,"16",-1,0.0527073732718889,-0.0527073732718889
"jnj_166","jnj","Jerit & Barabas",-1,0.214511041009464,0.187817258883248,-0.0266937821262156,0.03018979273626,-0.884198919794326,0.376888576381749,0.19971870604782,394,317,"Commission rec - increasing payroll taxes","jnj",1998,0,2,0,0,0,0,1,0,1,2,0,5,29,0,0,0,0,"18",-1,0.0266937821262156,-0.0266937821262156
"jnj_167","jnj","Jerit & Barabas",-1,0.668769716088335,0.596446700507621,-0.0723230155807136,0.0364040243045283,-1.98667638983302,0.0473427802575284,0.62869198312237,394,317,"Commission rec - increasing retirement age","jnj",1998,0,2,0,0,0,0,1,0,1,2,0,5,29,0,0,0,0,"18",1,0.0723230155807136,0.0723230155807136
"jnj_168","jnj","Jerit & Barabas",-1,0.223974763406939,0.228426395939086,0.0044516325321465,0.0316218557688243,0.14077708040574,0.888086035852048,0.226441631504922,394,317,"Commission rec - investing Social Security $ in stock market","jnj",1998,0,2,0,0,0,0,1,0,1,2,0,5,29,0,0,0,0,"18",-1,-0.0044516325321465,0.0044516325321465
"jnj_169","jnj","Jerit & Barabas",-1,0.44479495268139,0.302030456852794,-0.142764495828596,0.0359921711661977,-3.96654303429949,8.03311386853031e-05,0.365682137834038,394,317,"Commission rec - moving Social Security $ to reitrement accounts","jnj",1998,0,2,0,0,0,0,1,0,1,2,0,5,29,0,0,0,0,"18",1,0.142764495828596,0.142764495828596
"jnj_170","jnj","Jerit & Barabas",-1,0.447368421052635,0.495821727019502,0.0484533059668669,0.0377315205865641,1.28415990698558,0.199511471686212,0.472182596291017,359,342,"Law to protect consumers in HMOs","jnj",1998,0,2,0,0,0,0,0,1,0,2,0,3,27,0,1,0,0,"19",1,-0.0484533059668669,-0.0484533059668669
"jnj_171","jnj","Jerit & Barabas",-1,0.225146198830409,0.236768802228414,0.0116226033980048,0.0318942045446677,0.364411138761195,0.715661229547264,0.231098430813125,359,342,"Right to sue HMO","jnj",1998,0,2,0,0,0,0,0,1,0,2,0,3,27,0,1,0,0,"19",1,-0.0116226033980048,-0.0116226033980048
"jnj_172","jnj","Jerit & Barabas",-1,0.784386617100371,0.768488745980707,-0.0158978711196645,0.0347759641675888,-0.457151124352759,0.647734193158494,0.775862068965517,311,269,"Senate gun bill - background checks at gun shows","jnj",1999,0,2,0,0,0,0,1,0,1,7,0,41,17,0,0,0,1,"22",-1,0.0158978711196645,-0.0158978711196645
"jnj_173","jnj","Jerit & Barabas",-1,0.405204460966543,0.347266881028939,-0.0579375799376036,0.0402890845320424,-1.43804657292536,0.150962031312911,0.374137931034483,311,269,"Senate gun bill - prohibits concealed carry","jnj",1999,0,2,0,0,0,0,1,0,1,7,0,41,17,0,0,0,1,"22",1,0.0579375799376036,0.0579375799376036
"jnj_174","jnj","Jerit & Barabas",-1,0.156133828996283,0.17363344051447,0.0174996115181871,0.0309897647502418,0.564690040702892,0.572503687764278,0.165517241379311,311,269,"Senate gun bill - raising gun owner age to 21","jnj",1999,0,2,0,0,0,0,1,0,1,7,0,41,17,0,0,0,1,"22",1,-0.0174996115181871,-0.0174996115181871
"jnj_175","jnj","Jerit & Barabas",-1,0.724907063197027,0.662379421221866,-0.0625276419751611,0.0384402932006653,-1.62661719692811,0.104363442317215,0.691379310344828,311,269,"Senate gun bill - manufacture safety locks","jnj",1999,0,2,0,0,0,0,1,0,1,7,0,41,17,0,0,0,1,"22",-1,0.0625276419751611,-0.0625276419751611
"jnj_176","jnj","Jerit & Barabas",-1,0.33085501858736,0.263665594855304,-0.0671894237320552,0.0379283263644768,-1.77148401135316,0.0770071052011846,0.294827586206895,311,269,"Senate gun bill - using gun illegal under 18","jnj",1999,0,2,0,0,0,0,1,0,1,7,0,41,17,0,0,0,1,"22",1,0.0671894237320552,0.0671894237320552
"jnj_179","jnj","Jerit & Barabas",-1,0.469924812030077,0.431428571428573,-0.0384962406015035,0.0404869883388067,-0.950829937740886,0.342064832096935,0.44805194805195,350,266,"Clinton on guns - make agreement with NRA","jnj",2000,1,2,0,0,0,0,0,0,1,7,0,32,8,0,0,0,1,"27",-1,0.0384962406015035,-0.0384962406015035
"jnj_180","jnj","Jerit & Barabas",-1,0.646616541353389,0.677142857142864,0.0305263157894743,0.0384649499493439,0.793613818025908,0.427726869348229,0.663961038961046,350,266,"Clinton on guns - make agreement re: safety locks","jnj",2000,1,2,0,0,0,0,0,0,1,7,0,32,8,0,0,0,1,"27",-1,-0.0305263157894743,0.0305263157894743
"jnj_181","jnj","Jerit & Barabas",-1,0.699248120300759,0.725714285714292,0.0264661654135337,0.0367909251005235,0.719366673744147,0.472188727821965,0.714285714285721,350,266,"Clinton on guns - ask Congress to pass background checks","jnj",2000,1,2,0,0,0,0,0,0,1,7,0,32,8,0,0,0,1,"27",-1,-0.0264661654135337,0.0264661654135337
"jnj_182","jnj","Jerit & Barabas",-1,0.334586466165414,0.402857142857143,0.0682706766917286,0.039312855978034,1.73659926233481,0.0829594824304545,0.373376623376624,350,266,"Clinton on guns - discontinue gun buyback","jnj",2000,1,2,0,0,0,0,0,0,1,7,0,32,8,0,0,0,1,"27",-1,-0.0682706766917286,0.0682706766917286
"jnj_183","jnj","Jerit & Barabas",-1,0.484076433121023,0.34673366834171,-0.137342764779313,0.0367786741456624,-3.73430440247426,0.000203320634449666,0.407303370786519,398,314,"GWB on Social Security - reduce benefits","jnj",2000,1,2,0,0,0,0,0,0,1,6,0,29,5,0,0,0,1,"31",-1,0.137342764779313,-0.137342764779313
"jnj_184","jnj","Jerit & Barabas",-1,0.49363057324841,0.381909547738696,-0.111721025509715,0.0371980097661476,-3.00341405930238,0.00276352314523649,0.431179775280901,398,314,"GWB on Social Security - allow investment of SS payroll taxes","jnj",2000,1,2,0,0,0,0,0,0,1,6,0,29,5,0,0,0,1,"31",1,0.111721025509715,0.111721025509715
"jnj_185","jnj","Jerit & Barabas",-1,0.468152866242043,0.28140703517588,-0.186745831066163,0.0356815392295327,-5.23368204114911,2.19033848301752e-07,0.363764044943822,398,314,"GWB on Social Security - increase SS taxes","jnj",2000,1,2,0,0,0,0,0,0,1,6,0,29,5,0,0,0,1,"31",1,0.186745831066163,0.186745831066163
"jnj_186","jnj","Jerit & Barabas",-1,0.852233676975949,0.769230769230773,-0.0830029077451759,0.0318906892061996,-2.60273170041869,0.00947662285209006,0.809286898839141,312,291,"Part of world with highest HIV/AIDS","jnj",2000,0,3,0,0,0,1,0,0,0,9,0,27,3,0,1,0,0,"28",-1,0.0830029077451759,-0.0830029077451759
"jnj_187","jnj","Jerit & Barabas",-1,0.398625429553266,0.44871794871795,0.0500925191646841,0.0402963839542084,1.24310209128461,0.214314945222373,0.424543946932008,312,291,"Teenagers die of AIDS","jnj",2000,0,3,0,0,0,0,0,0,0,9,0,27,3,0,1,0,0,"28",-1,-0.0500925191646841,0.0500925191646841
"jnj_190","jnj","Jerit & Barabas",-1,0.301639344262295,0.222551928783383,-0.0790874154789123,0.0345846280877671,-2.28677941188809,0.0225343643896254,0.2601246105919,337,305,"Office recognition - Tommy Thompson","jnj",2001,1,3,0,0,0,0,0,0,1,4,0,22,46,0,0,0,0,"34",1,0.0790874154789123,0.0790874154789123
"jnj_191","jnj","Jerit & Barabas",-1,0.619672131147547,0.492581602373893,-0.127090528773654,0.0390330760388646,-3.25597010717558,0.00118968513861523,0.552959501557638,337,305,"Office recognition - John Ashcroft","jnj",2001,1,3,0,0,0,0,0,0,1,4,0,22,46,0,0,0,0,"34",1,0.127090528773654,0.127090528773654
"jnj_196","jnj","Jerit & Barabas",-1,0.417525773195873,0.463343108504397,0.0458173353085233,0.0368480984193807,1.24341111953894,0.214117191424626,0.43895747599451,341,388,"HIV infection rates","jnj",2002,0,3,0,0,0,0,0,0,1,9,0,4,28,0,0,0,0,"38",-1,-0.0458173353085233,0.0458173353085233
"jnj_197","jnj","Jerit & Barabas",-1,0.386597938144328,0.554252199413488,0.16765426126916,0.0365490635689446,4.58710141650836,5.2921833441026e-06,0.465020576131685,341,388,"HIV/AIDS prevention","jnj",2002,0,2,0,0,0,0,0,0,1,9,0,4,28,0,0,0,0,"38",-1,-0.16765426126916,0.16765426126916
"jnj_198","jnj","Jerit & Barabas",-1,0.445876288659791,0.48973607038123,0.0438597817214383,0.0370455225682778,1.18394285410879,0.236822637987276,0.466392318244168,341,388,"Spread of AIDS","jnj",2002,0,2,0,0,0,0,0,0,1,9,0,4,28,0,0,0,0,"38",-1,-0.0438597817214383,0.0438597817214383
"jnj_203","jnj","Jerit & Barabas",-1,0.421652421652421,0.348484848484847,-0.0731675731675736,0.0355815761280553,-2.05633311195236,0.0400982309710894,0.382864792503346,396,351,"Medicare law - prescription drug benefit","jnj",2004,1,2,0,0,1,0,0,0,0,2,0,31,7,0,0,0,1,"43",-1,0.0731675731675736,-0.0731675731675736
"jnj_204","jnj","Jerit & Barabas",-1,0.301994301994303,0.280303030303031,-0.0216912716912724,0.0333169318608412,-0.651058500280664,0.515209479798387,0.290495314591701,396,351,"Medicare law - prescription drug discount card","jnj",2004,0,3,1,0,0,0,1,0,0,2,0,31,7,0,0,0,1,"43",-1,0.0216912716912724,-0.0216912716912724
"jnj_205","jnj","Jerit & Barabas",-1,0.190883190883191,0.154040404040404,-0.0368427868427868,0.0276282464474185,-1.33351882874309,0.182769169381124,0.171352074966533,396,351,"Medicare law - drug subsidy","jnj",2004,0,3,1,0,0,0,1,0,0,2,0,31,7,0,0,0,1,"43",-1,0.0368427868427868,-0.0368427868427868
"jnj_206","jnj","Jerit & Barabas",-1,0.424501424501423,0.446969696969696,0.0224682724682726,0.0363964908398507,0.617319745662734,0.537212471190273,0.436412315930387,396,351,"Medicare law - new cost estimates","jnj",2004,1,2,0,0,0,0,0,0,0,2,0,31,7,0,0,0,1,"43",-1,-0.0224682724682726,0.0224682724682726
"jnj_207","jnj","Jerit & Barabas",-1,0.564885496183207,0.650349650349652,0.0854641541664444,0.0589919629757268,1.44874233463989,0.148561376566837,0.609489051094892,143,131,"Discount card program - when available","jnj",2004,0,3,0,0,0,0,1,0,0,2,0,29,5,0,0,0,1,"40",-1,-0.0854641541664444,0.0854641541664444
"jnj_208","jnj","Jerit & Barabas",-1,0.381679389312977,0.363636363636364,-0.0180430256766136,0.0586679204155141,-0.307545001575381,0.758663925501379,0.372262773722628,143,131,"Discount card program - financial benefits for poor people","jnj",2004,0,3,1,0,1,0,0,0,0,2,0,29,5,0,0,0,1,"40",-1,0.0180430256766136,-0.0180430256766136
"jnj_209","jnj","Jerit & Barabas",-1,0.674666666666663,0.686567164179101,0.0119004975124381,0.0351072319650493,0.338975671003784,0.734728569958536,0.680281690140841,335,375,"Approval for military force in Iraq","jnj",2003,1,2,0,0,0,0,1,0,1,3,0,46,22,1,0,0,1,"39",1,-0.0119004975124381,-0.0119004975124381
"jnj_210","jnj","Jerit & Barabas",-1,0.70133333333333,0.602985074626863,-0.0983482587064671,0.0355980640393427,-2.76274177713073,0.00588057893761932,0.654929577464786,335,375,"Iraq allow UN inspectors","jnj",2003,0,2,0,0,0,0,1,0,0,3,0,46,22,0,0,0,1,"39",1,0.0983482587064671,0.0983482587064671
"jnj_211","jnj","Jerit & Barabas",-1,0.658666666666667,0.597014925373134,-0.0616517412935325,0.0362821651183753,-1.6992299410023,0.0897151507487539,0.629577464788732,335,375,"Public evidence about Iraq involvement in 9/11","jnj",2003,1,2,0,0,0,0,1,0,1,3,1,46,22,1,0,0,1,"39",-1,0.0616517412935325,-0.0616517412935325
"jnj_212","jnj","Jerit & Barabas",-1,0.453333333333334,0.486567164179106,0.0332338308457716,0.0375489671965756,0.885079759232432,0.376414101030915,0.469014084507043,335,375,"Saddam Hussein threaten Israel","jnj",2003,0,2,0,0,0,0,1,0,1,3,1,46,22,1,0,0,1,"39",1,-0.0332338308457716,-0.0332338308457716
