"study","sample","party","outcome","estimate","se","df","low","high","p","n","inparty","outparty","p_holm"
"MTurk","Full","Pooled","unemployment",-9.46052870379174,1.53179745507958,1419.19956137509,-12.4653591802037,-6.45569822737976,8.56359302994945e-10,1425,79.317312336014,69.8567836322222,3.42543721197978e-09
"MTurk","Full","Pooled","inflation",-5.97636102436137,1.62633901394803,1413.81836350436,-9.16665807972393,-2.78606396899881,0.000246995216791282,1425,71.13167562529,65.1553146009286,0.000740985650373846
"MTurk","Full","Pooled","average",-7.71844486407655,1.29181985849519,1418.84698927291,-10.2525269591221,-5.18436276903104,2.90747655247003e-09,1425,75.224493980652,67.5060491165754,
"MTurk","Full","Pooled","unemployment_better",-15.9416822551785,2.60637027483493,1404.80333204868,-21.0544791944022,-10.8288853159547,1.23827470475209e-09,1425,61.9465218600181,46.0048396048396,
"MTurk","Full","Pooled","inflation_better",-9.23403367957399,2.62418010918622,1396.43318619163,-14.3817939602344,-4.08627339891357,0.000447374114861546,1425,48.331230699578,39.097197020004,
"MTurk","Full","Pooled","unemployment_same",12.9623071027734,2.5881917930771,1408.42399299836,7.88518131156091,18.039432893986,6.18723862902743e-07,1425,34.7415809519918,47.7038880547652,
"MTurk","Full","Pooled","inflation_same",6.51534531042524,2.64973576204343,1404.32401037881,1.3174787555192,11.7132118653313,0.0140575823190469,1425,45.600889851424,52.1162351618492,
"MTurk","Full","Pooled","unemployment_worse",2.97937515240501,1.11759082678291,1283.7792274917,0.786870292290354,5.17188001251966,0.00777484898445342,1425,3.31189718799014,6.29127234039515,
"MTurk","Full","Pooled","inflation_worse",2.71868836914874,1.38354101329026,1405.32547592832,0.00466033560507428,5.43271640269241,0.0496084355480334,1425,6.06787944899803,8.78656781814677,
"MTurk","Full","Democrat","unemployment",-13.2012398477655,2.18799680344138,713.827362267338,-17.4969183125672,-8.90556138296384,2.57638946634366e-09,716,79.3051359516616,66.1038961038961,
"MTurk","Full","Democrat","inflation",-8.07352768077844,2.28924651660924,707.129071923771,-12.5680612904001,-3.5789940711568,0.00044790946845271,716,71.4501510574018,63.3766233766234,
"MTurk","Full","Democrat","average",-10.637383764272,1.83845995410163,712.410784841925,-14.2468312238504,-7.02793630469358,1.07954890824733e-08,716,75.3776435045317,64.7402597402597,
"MTurk","Full","Democrat","unemployment_better",-20.5500843567309,3.67094154491916,699.758145631257,-27.7574637313486,-13.3427049821132,3.11456695280431e-08,716,61.3293051359517,40.7792207792208,
"MTurk","Full","Democrat","inflation_better",-11.7149919566838,3.6894218276046,689.612590855123,-18.9588394202425,-4.47114449312515,0.00156350007777452,716,48.3383685800604,36.6233766233766,
"MTurk","Full","Democrat","unemployment_same",14.6976890179307,3.67246896070734,705.359884376211,7.48740998699409,21.9079680488673,6.94169245628011e-05,716,35.9516616314199,50.6493506493506,
"MTurk","Full","Democrat","inflation_same",7.28292855181072,3.7431187757377,698.020952426567,-0.066192391519099,14.6320494951405,0.052093684396248,716,46.2235649546828,53.5064935064935,
"MTurk","Full","Democrat","unemployment_worse",5.85239533880018,1.68593070178031,631.515519981973,2.54168678019393,9.16310389740642,0.000553241583671706,716,2.7190332326284,8.57142857142857,
"MTurk","Full","Democrat","inflation_worse",4.43206340487308,1.96848543054039,703.793466165211,0.567256466789124,8.29687034295705,0.0246609269577678,716,5.43806646525679,9.87012987012988,
"MTurk","Full","Republican","unemployment",-5.68288529182385,2.14387018300868,706.248784914543,-9.89200698915666,-1.47376359449104,0.00821102436573157,709,79.3296089385475,73.6467236467236,
"MTurk","Full","Republican","inflation",-3.85848891435485,2.31084083255281,706.689313626885,-8.39542401241647,0.678446183706768,0.0954149056424634,709,70.8100558659218,66.951566951567,
"MTurk","Full","Republican","average",-4.77068710308933,1.81500864402252,706.937839362751,-8.33413956506883,-1.20723464110983,0.00876335094409683,709,75.0698324022346,70.2991452991453,
"MTurk","Full","Republican","unemployment_better",-11.2877811201834,3.70113268482022,705.08655869449,-18.5543414245312,-4.0212208158355,0.00237558263401189,709,62.5698324022346,51.2820512820513,
"MTurk","Full","Republican","inflation_better",-6.72858075092712,3.7330913905532,706.974259899712,-14.0578530246477,0.600691522793491,0.0719058953772084,709,48.3240223463687,41.5954415954416,
"MTurk","Full","Republican","unemployment_same",11.209791656719,3.6476689405902,703.389525124126,4.04816883900628,18.3714144744318,0.00220002996150843,709,33.5195530726257,44.7293447293447,
"MTurk","Full","Republican","inflation_same",5.74018367314457,3.75145254521466,706.56603940444,-1.62514481494154,13.1055121612307,0.126433857213196,709,44.9720670391061,50.7122507122507,
"MTurk","Full","Republican","unemployment_worse",0.0779894634643301,1.46516890583164,706.394861371681,-2.79861756780692,2.95459649473558,0.957564505680235,709,3.91061452513966,3.98860398860399,
"MTurk","Full","Republican","inflation_worse",0.988397077782552,1.94440157273727,702.149513124119,-2.82914044668341,4.80593460224851,0.611381805442493,709,6.70391061452514,7.6923076923077,
"Lucid","Full","Pooled","unemployment",-5.19068145688585,2.73975381108294,583.641278801057,-10.5716590067069,0.190296092935208,0.0586421628656204,624,73.0477053140097,67.8570238571238,0.0586421628656204
"Lucid","Full","Pooled","inflation",-8.64024124649657,2.82522210688876,571.902132479778,-14.1893183694397,-3.09116412355348,0.0023304532150355,624,75.1099033816425,66.4696621351459,0.004660906430071
"Lucid","Full","Pooled","average",-6.91546135169122,2.46677964514687,580.23730882427,-11.7603666316531,-2.07055607172937,0.00522522530854131,624,74.0788043478261,67.1633429961349,
"Lucid","Full","Pooled","unemployment_better",-6.04204260324856,4.0193380900729,600.751605311934,-13.9357037009015,1.85161849440437,0.13330182685397,624,54.9891304347826,48.9470878315341,
"Lucid","Full","Pooled","inflation_better",-10.4464194998329,3.99490652525354,598.095961884105,-18.2921692660189,-2.60066973364692,0.00914947424359973,624,59.4359903381643,48.9895708383313,
"Lucid","Full","Pooled","unemployment_same",1.70272229272543,3.88911028195322,598.866215891564,-5.93523026423296,9.34067484968381,0.6616761184833,624,36.1171497584541,37.8198720511795,
"Lucid","Full","Pooled","inflation_same",3.6123565066727,3.79636247515479,596.509015807867,-3.84350522294947,11.0682182362949,0.341720281561275,624,31.3478260869565,34.9601825936292,
"Lucid","Full","Pooled","unemployment_worse",4.33932031052313,2.5337743784665,548.192644842331,-0.637774811974099,9.31641543302037,0.087353207340941,624,8.89371980676329,13.2330401172864,
"Lucid","Full","Pooled","inflation_worse",6.83406299316023,2.68526828871424,526.254264367358,1.55890167815647,12.109224308164,0.0112114726919068,624,9.21618357487923,16.0502465680395,
"Lucid","Full","Democrat","unemployment",-5.59756097560975,3.48173880155369,340.526665678726,-12.4459840574061,1.25086210618663,0.10882957087113,364,74.5,68.9024390243902,
"Lucid","Full","Democrat","inflation",-9.01219512195122,3.59180914237674,323.550779997368,-16.0784439038788,-1.94594634002364,0.0125924321806686,364,77,67.9878048780488,
"Lucid","Full","Democrat","average",-7.3048780487805,3.12448272644145,336.062391070512,-13.4508857464095,-1.15887035115153,0.0199761787754117,364,75.75,68.4451219512195,
"Lucid","Full","Democrat","unemployment_better",-8.21951219512195,5.25784007361984,346.789674143161,-18.5607802079777,2.12175581773377,0.118897191909812,364,57,48.780487804878,
"Lucid","Full","Democrat","inflation_better",-10.390243902439,5.22397513253143,344.641018818721,-20.665129726186,-0.115358078692065,0.0474966483420007,364,61,50.609756097561,
"Lucid","Full","Democrat","unemployment_same",5.24390243902439,5.11719150555413,344.199233854903,-4.82099927577433,15.3088041538231,0.306195238703432,364,35,40.2439024390244,
"Lucid","Full","Democrat","inflation_same",2.75609756097562,4.98462371725269,345.235740499263,-7.04795536151058,12.5601504834618,0.580676109049424,364,32,34.7560975609756,
"Lucid","Full","Democrat","unemployment_worse",2.97560975609757,3.11335066720471,324.885379496803,-3.14926219455714,9.10048170675227,0.33990514126873,364,8,10.9756097560976,
"Lucid","Full","Democrat","inflation_worse",7.63414634146341,3.30688772813873,288.755114435706,1.12548542217746,14.1428072607494,0.0216743535096867,364,7,14.6341463414634,
"Lucid","Full","Republican","unemployment",-4.62105013067237,4.41315029020986,245.498749702357,-13.3135177686366,4.07141750729186,0.296079049778751,260,71.0144927536232,66.3934426229508,
"Lucid","Full","Republican","inflation",-8.11950582086007,4.54856971110977,248.89058222852,-17.0781007960866,0.839089154366432,0.0754680535145481,260,72.463768115942,64.344262295082,
"Lucid","Full","Republican","average",-6.37027797576621,3.98940115138427,246.458040278313,-14.2279464206365,1.48739046910403,0.111591533007193,260,71.7391304347826,65.3688524590164,
"Lucid","Full","Republican","unemployment_better",-2.99358517462581,6.23452355999845,254.025747444493,-15.2715228544834,9.28435250523184,0.631524969382449,260,52.1739130434783,49.1803278688525,
"Lucid","Full","Republican","inflation_better",-10.5250653361844,6.19977470517723,253.534855516851,-22.7346836355647,1.6845529631959,0.0908003227313815,260,57.2463768115942,46.7213114754098,
"Lucid","Full","Republican","unemployment_same",-3.25492991209313,5.98307261780007,255.209216256287,-15.0374120009171,8.52755217673084,0.586900506964242,260,37.6811594202899,34.4262295081967,
"Lucid","Full","Republican","inflation_same",4.81111903064862,5.85799894718537,251.430660897235,-6.72588117132419,16.3481192326214,0.412258852275453,260,30.4347826086957,35.2459016393443,
"Lucid","Full","Republican","unemployment_worse",6.24851508671893,4.24041105586681,233.688123405514,-2.10580416078056,14.6028343342184,0.14194486754553,260,10.1449275362319,16.3934426229508,
"Lucid","Full","Republican","inflation_worse",5.71394630553576,4.48328476357542,239.484886529847,-3.11776201691469,14.5456546279862,0.203721541700274,260,12.3188405797101,18.0327868852459,
