"row_id","ip_group","consent","preview","finished","age","gender","hhi","ethnicity","hispanic","education","political_party","attention_1","attention_2","attention_3","attention_4","attention_5","cue_d","unemployment_r","unemployment_d","inflation_r","inflation_d"
1,1,0,1,1,,,,,,,,,,,,,0,,,,
2,1,1,1,1,,,,,,,,,,,,,0,2,,2,
3,1,1,1,1,,,,,,,,0,1,0,0,0,0,2,,2,
4,1,0,1,1,,,,,,,,,,,,,0,,,,
5,1,0,1,1,,,,,,,,,,,,,0,,,,
6,1,1,1,1,,,,,,,,1,1,0,0,0,0,2,,2,
7,1,1,1,1,,,,,,,,1,1,0,0,0,0,2,,2,
8,2,0,0,1,68,2,2,1,1,6,9,,,,,,0,,,,
9,3,1,0,1,53,2,9,2,1,2,4,0,0,0,0,1,0,2,,2,
10,4,1,0,1,23,2,1,2,1,6,1,1,1,0,0,0,1,,2,,2
11,5,0,0,1,31,2,3,1,1,6,10,,,,,,1,,,,
12,6,1,0,1,40,2,19,1,1,6,5,0,1,0,0,0,1,,1,,3
13,7,1,0,1,71,2,3,1,1,2,1,1,1,0,0,0,1,,1,,1
14,8,1,0,1,30,1,1,1,15,4,1,1,0,0,0,0,1,,2,,2
15,9,0,0,1,58,1,-3105,1,1,8,1,,,,,,0,,,,
16,10,0,0,1,66,1,20,1,2,5,3,,,,,,0,,,,
17,11,1,0,1,57,2,2,1,1,2,2,1,1,0,0,0,1,,1,,1
18,12,1,0,1,69,2,3,1,1,7,1,1,1,0,0,0,1,,1,,1
19,13,1,0,1,36,1,20,15,2,6,10,1,0,0,0,0,0,1,,1,
20,14,1,0,1,28,2,1,15,1,8,5,0,0,1,0,0,0,2,,2,
21,15,1,0,1,46,2,11,1,1,8,10,1,1,0,0,0,1,,1,,2
22,16,1,0,1,31,2,4,1,2,6,10,1,1,0,0,0,0,2,,2,
23,17,1,0,1,58,2,7,1,1,5,5,1,1,0,0,0,0,3,,3,
24,18,1,0,1,32,2,1,1,1,2,8,0,1,0,0,0,0,2,,1,
25,19,1,0,1,75,2,6,1,1,4,2,1,1,0,0,0,1,,1,,1
26,20,1,0,1,50,2,5,1,1,2,10,1,1,0,0,0,0,1,,3,
27,21,1,0,1,36,2,3,1,1,6,4,1,1,0,0,0,0,2,,2,
28,22,1,0,1,49,2,6,1,1,4,4,1,1,0,0,0,0,2,,1,
29,23,1,0,1,49,2,2,1,1,2,1,1,1,0,0,0,1,,1,,1
30,24,0,0,1,60,2,19,5,1,8,4,,,,,,1,,,,
31,25,1,0,1,68,1,9,1,1,7,4,1,1,0,0,0,0,2,,2,
32,26,1,0,1,28,2,7,1,2,6,4,0,1,0,0,0,0,2,,2,
33,27,1,0,1,64,1,1,1,1,6,9,1,1,0,0,0,0,1,,1,
34,28,1,0,1,83,2,2,1,1,4,10,1,1,0,0,0,0,1,,1,
35,29,1,0,1,66,2,6,1,1,7,1,1,1,0,0,0,1,,1,,1
36,30,1,0,1,26,2,14,1,1,6,3,1,1,0,0,0,1,,1,,1
37,31,1,0,1,75,1,11,1,1,8,1,1,1,0,0,0,0,1,,1,
38,32,1,0,1,34,1,1,2,1,6,1,0,1,0,0,0,1,,1,,2
39,33,1,0,1,56,1,22,1,1,8,7,1,1,0,0,0,0,2,,2,
40,34,1,0,1,68,2,-3105,1,1,6,5,1,1,0,0,0,1,,1,,1
41,35,1,0,1,26,2,16,1,14,6,7,0,1,0,0,0,0,2,,2,
42,36,1,0,1,42,1,11,1,1,5,1,1,0,0,0,0,1,,1,,1
43,37,1,0,1,35,2,6,2,2,7,4,1,1,0,0,0,0,2,,2,
44,38,1,0,1,68,2,11,1,1,8,2,1,1,0,0,0,1,,2,,2
45,39,1,0,1,65,2,18,1,1,7,1,1,1,0,0,0,0,1,,1,
46,40,1,0,1,65,2,5,1,1,6,10,1,1,0,0,0,0,1,,1,
47,41,1,0,1,62,2,8,1,2,6,1,1,1,0,0,0,1,,2,,2
48,42,1,0,1,71,2,6,1,1,6,7,1,1,0,0,0,0,2,,2,
49,43,1,0,1,49,2,1,1,1,6,2,1,0,0,0,0,1,,2,,2
50,44,1,0,1,60,1,3,1,1,3,8,0,0,1,0,0,1,,2,,2
51,45,1,0,1,51,2,2,1,1,4,1,1,1,0,0,0,1,,1,,1
52,46,1,0,1,28,1,2,15,2,4,1,1,0,0,0,0,1,,2,,1
53,47,1,0,1,36,1,1,1,1,2,4,0,0,1,0,0,1,,2,,2
54,48,1,0,1,38,2,2,1,1,2,1,1,1,0,0,0,0,2,,1,
55,49,1,0,1,69,2,10,1,1,6,2,1,1,0,0,0,1,,1,,1
56,50,1,0,1,33,2,5,1,1,6,10,0,0,1,0,0,1,,2,,2
57,51,1,0,1,85,2,1,1,1,6,8,1,1,0,0,0,0,2,,2,
58,52,1,0,1,66,2,8,1,1,4,10,1,1,0,0,0,1,,2,,2
59,53,1,0,1,30,2,1,1,1,2,5,1,1,0,0,0,1,,3,,3
60,54,1,0,1,27,1,3,1,1,2,10,1,1,0,0,0,0,1,,1,
61,55,1,0,1,29,2,3,1,1,8,9,1,1,0,0,0,1,,1,,1
62,56,1,0,1,57,2,13,1,1,8,5,1,1,0,0,0,1,,2,,2
63,57,1,0,1,31,1,5,1,1,6,1,1,1,0,0,0,0,1,,1,
64,58,1,0,1,79,2,1,1,1,4,7,1,1,0,0,0,0,1,,1,
65,59,1,0,1,60,2,14,1,1,4,2,1,1,0,0,0,1,,1,,1
66,60,1,0,1,60,2,1,1,1,2,7,0,0,0,0,1,0,2,,2,
67,61,1,0,1,68,1,3,1,1,2,10,0,1,1,0,0,0,2,,2,
68,62,1,0,1,67,2,19,1,1,8,2,1,1,0,0,0,0,3,,1,
69,63,1,0,1,40,2,3,1,15,6,4,1,1,0,0,0,0,2,,2,
70,64,1,0,1,34,2,3,2,1,4,1,1,1,0,0,0,1,,2,,1
71,65,1,0,1,29,2,14,2,1,7,4,0,1,0,0,0,0,2,,1,
72,66,1,0,1,21,2,-3105,16,15,-3105,1,1,1,0,0,0,1,,2,,2
73,67,1,0,1,33,2,6,1,1,8,1,1,1,0,0,0,1,,1,,1
74,68,1,0,1,40,1,10,2,1,2,5,1,1,0,0,0,1,,1,,1
75,69,1,0,1,23,2,2,2,1,4,4,1,1,0,0,0,1,,2,,1
76,70,1,0,1,33,2,12,1,1,2,3,1,1,0,0,0,0,2,,1,
77,71,1,0,1,57,2,12,1,1,7,1,1,1,0,0,0,0,1,,1,
78,72,1,0,1,35,2,1,2,1,2,2,1,1,0,0,0,1,,1,,1
79,73,1,0,1,52,1,4,16,1,4,10,1,1,0,0,0,1,,2,,2
80,74,1,0,1,49,2,10,1,2,7,9,0,0,1,0,0,0,2,,3,
81,75,1,0,1,69,2,13,1,1,6,4,1,1,0,0,0,1,,1,,1
82,76,1,0,1,33,2,2,1,1,6,2,1,1,0,0,0,0,2,,2,
83,77,1,0,1,74,2,14,1,1,7,1,1,1,0,0,0,1,,1,,1
84,78,1,0,1,61,2,1,1,1,4,9,1,1,0,0,0,0,1,,1,
85,79,1,0,1,42,2,4,1,1,2,1,1,1,0,0,0,1,,1,,1
86,80,1,0,1,37,2,13,1,1,8,8,1,1,0,0,0,0,3,,3,
87,81,1,0,1,37,2,9,1,1,8,10,1,1,0,0,0,0,2,,2,
88,82,1,0,1,81,2,5,1,1,7,4,1,1,0,0,0,0,1,,1,
89,83,1,0,1,51,2,13,1,1,2,2,0,1,0,0,0,1,,2,,2
90,84,1,0,1,46,1,4,2,1,2,1,1,1,0,0,0,0,2,,2,
91,85,1,0,1,22,2,6,1,1,4,4,1,1,0,0,0,0,2,,2,
92,86,1,0,1,36,2,3,2,2,2,1,1,1,0,0,0,1,,1,,1
93,87,1,0,1,67,1,1,1,1,2,8,1,1,0,0,0,1,,1,,1
94,88,1,0,1,35,2,12,2,2,2,4,1,0,0,0,0,1,,1,,2
95,89,1,0,1,20,2,14,2,1,2,1,1,1,0,0,0,1,,1,,3
96,90,1,0,1,50,2,23,5,1,8,1,1,1,0,0,0,0,2,,2,
97,91,1,0,1,42,1,22,1,1,4,5,1,0,0,0,0,0,1,,1,
98,92,1,0,1,32,2,1,2,1,6,1,1,0,0,0,0,1,,1,,1
99,93,1,0,1,28,2,4,1,1,4,1,1,1,0,0,0,0,2,,3,
100,94,1,0,1,62,1,6,1,1,7,1,1,1,0,0,0,0,1,,1,
101,95,1,0,1,55,2,4,1,1,4,1,1,1,0,0,0,0,2,,2,
102,96,1,0,1,43,1,14,1,1,2,4,1,1,0,0,0,0,2,,2,
103,97,1,0,1,64,2,8,1,1,4,10,1,1,0,0,0,0,1,,1,
104,98,1,0,1,68,1,9,1,1,5,1,1,1,0,0,0,0,2,,2,
105,99,1,0,1,70,1,4,1,1,6,10,1,1,0,0,0,0,1,,1,
106,100,1,0,1,50,2,4,15,2,4,1,1,1,0,0,0,1,,2,,2
107,101,1,0,1,43,2,4,1,1,2,7,1,1,0,0,0,1,,2,,2
108,102,1,0,1,30,2,8,1,2,4,4,1,1,0,0,0,1,,1,,1
109,103,1,0,1,62,1,9,1,1,8,4,1,1,0,0,0,1,,1,,1
110,104,1,0,1,33,2,9,1,1,6,10,1,1,0,0,0,0,2,,2,
111,105,1,0,1,33,2,18,1,1,4,9,1,1,0,0,0,1,,2,,1
112,106,1,0,1,42,2,4,1,1,4,4,1,1,0,0,0,0,2,,1,
113,107,1,0,1,71,2,3,1,1,3,1,1,1,0,0,0,1,,3,,3
114,108,1,0,1,46,2,3,2,1,6,10,1,1,0,0,0,1,,3,,1
115,109,1,0,1,35,2,13,1,1,6,3,1,1,0,0,0,1,,2,,1
116,110,1,0,1,49,1,8,1,1,7,10,1,1,0,0,0,0,1,,1,
117,111,1,0,1,28,2,12,1,1,6,1,1,1,0,0,0,0,1,,2,
118,112,1,0,1,41,2,1,2,1,4,4,1,1,0,0,0,1,,1,,1
119,113,0,0,1,41,1,16,2,1,2,1,,,,,,1,,,,
120,114,1,0,1,49,1,4,1,1,2,6,1,1,0,0,0,0,2,,2,
121,115,1,0,1,27,2,4,1,1,4,4,1,1,0,0,0,1,,2,,2
122,116,1,0,1,39,2,5,1,1,4,10,1,1,0,0,0,0,1,,1,
123,117,1,0,1,36,1,20,1,1,5,1,1,1,0,0,0,1,,1,,1
124,118,1,0,1,74,2,4,1,1,8,10,1,1,0,0,0,1,,2,,2
125,119,1,0,1,67,2,5,1,1,4,8,1,1,0,0,0,1,,2,,1
126,120,1,0,1,43,2,4,1,1,2,5,1,1,0,0,0,0,2,,1,
127,121,0,0,1,57,1,15,15,15,6,4,,,,,,1,,,,
128,122,1,0,1,24,2,1,2,2,6,1,1,1,0,0,0,1,,2,,1
129,123,1,0,1,25,1,1,1,1,6,4,1,1,0,0,0,1,,1,,2
130,124,1,0,1,22,2,3,2,1,4,4,1,1,0,0,0,0,2,,3,
131,125,1,0,1,45,2,1,1,1,6,9,1,1,0,0,0,0,1,,1,
132,126,1,0,1,37,1,9,15,1,2,10,1,1,0,0,0,1,,3,,3
133,127,1,0,1,41,2,6,1,1,2,1,1,1,0,0,0,0,2,,3,
134,128,1,0,1,35,1,21,1,1,7,1,1,0,0,0,0,1,,1,,1
135,129,1,0,1,56,2,1,1,1,1,9,1,1,0,0,0,0,2,,2,
136,130,1,0,1,21,2,7,11,2,4,8,1,1,0,0,0,0,2,,2,
137,131,1,0,1,20,2,1,1,1,2,5,1,1,0,0,0,0,1,,2,
138,132,1,0,1,38,2,4,1,1,6,4,1,1,0,0,0,0,2,,2,
139,133,1,0,1,67,2,19,1,1,7,9,1,1,0,0,0,1,,2,,2
140,134,1,0,1,68,2,8,1,1,6,2,1,1,0,0,0,1,,1,,1
141,135,1,0,1,79,2,3,1,1,4,10,1,1,0,0,0,1,,3,,2
142,136,1,0,1,44,2,3,1,1,2,1,1,1,0,0,0,1,,1,,1
143,137,0,0,1,30,1,9,1,1,6,6,,,,,,0,,,,
144,138,1,0,1,32,2,10,1,1,4,2,1,1,0,0,0,0,1,,1,
145,139,1,0,1,27,1,3,1,1,6,10,1,1,0,0,0,0,1,,1,
146,140,1,0,1,38,2,4,1,1,2,4,1,1,0,0,0,0,1,,1,
147,141,1,0,1,43,1,5,15,14,4,4,0,0,0,0,1,0,2,,2,
148,142,1,0,1,38,2,2,1,2,2,4,1,1,0,0,0,1,,1,,1
149,143,1,0,1,31,1,1,2,1,2,1,1,1,0,0,0,0,1,,2,
150,144,1,0,1,32,2,5,1,2,6,3,1,1,0,0,0,1,,2,,2
151,145,1,0,1,63,2,7,1,1,4,2,1,1,0,0,0,1,,2,,2
152,146,1,0,1,28,2,1,1,1,2,7,1,1,0,0,0,0,2,,2,
153,147,1,0,1,32,1,1,1,2,4,3,1,1,0,0,0,1,,1,,1
154,148,1,0,1,50,1,7,1,1,5,5,1,1,0,0,0,1,,1,,1
155,149,1,0,1,56,2,8,1,1,6,10,1,1,0,0,0,1,,1,,1
156,150,1,0,1,25,2,23,1,2,6,4,1,1,0,0,0,1,,2,,2
157,151,1,0,1,54,2,5,1,1,4,1,1,1,0,0,0,1,,1,,1
158,152,1,0,1,30,2,4,1,1,6,1,1,1,0,0,0,1,,3,,3
159,153,1,0,1,64,2,-3105,1,1,4,7,1,1,0,0,0,0,2,,2,
160,154,1,0,1,60,1,3,1,1,6,10,1,1,0,0,0,0,1,,1,
161,155,1,0,1,37,2,8,1,1,6,4,1,1,0,0,0,0,2,,2,
162,156,1,0,1,74,2,4,1,1,8,2,1,1,0,0,0,1,,2,,2
163,157,1,0,1,30,2,16,2,1,6,4,1,1,0,0,0,0,2,,1,
164,158,1,0,1,42,2,-3105,8,1,8,2,1,1,0,0,0,1,,1,,1
165,159,1,0,1,59,2,1,2,1,2,1,0,0,0,1,0,1,,2,,1
166,160,1,0,1,21,2,1,2,1,2,3,1,1,0,0,0,0,2,,1,
167,161,1,0,1,37,1,6,1,1,4,1,1,0,0,0,0,1,,1,,1
168,162,1,0,1,28,2,21,1,16,4,1,1,0,0,0,0,0,1,,1,
169,163,1,0,1,50,1,1,11,1,2,7,0,0,0,0,1,1,,2,,2
170,164,1,0,1,71,2,1,1,1,4,4,1,1,0,0,0,0,1,,1,
171,165,1,0,1,39,2,6,1,1,6,3,1,1,0,0,0,0,2,,3,
172,166,1,0,1,36,1,20,2,1,6,1,1,0,0,0,0,0,2,,2,
173,167,1,0,1,49,1,3,1,1,2,4,0,1,0,0,0,0,3,,3,
174,168,1,0,1,35,2,2,1,1,2,4,1,1,0,0,0,0,1,,1,
175,169,1,0,1,39,1,8,1,1,4,2,0,0,1,0,0,0,2,,2,
176,170,1,0,1,56,2,1,1,1,6,10,1,1,0,0,0,1,,3,,3
177,171,1,0,1,34,2,1,1,1,6,7,1,1,0,0,0,0,2,,2,
178,172,1,0,1,68,2,3,1,1,6,5,1,1,0,0,0,0,1,,1,
179,173,1,0,1,42,2,3,1,1,2,9,1,1,0,0,0,0,2,,2,
180,174,1,0,1,43,1,3,1,1,6,4,1,1,0,0,0,1,,1,,1
181,175,1,0,1,37,2,8,1,1,6,1,1,1,0,0,0,1,,2,,2
182,176,1,0,1,26,1,11,2,1,2,1,1,0,0,0,0,1,,2,,2
183,177,1,0,1,56,1,1,1,1,2,6,1,1,0,0,0,0,1,,1,
184,178,1,0,1,74,2,5,1,1,8,4,1,1,0,0,0,0,2,,2,
185,179,1,0,1,38,2,3,1,1,6,4,0,1,0,0,0,0,1,,2,
186,180,1,0,1,67,2,5,1,1,6,2,1,1,0,0,0,1,,1,,1
187,181,1,0,1,42,2,11,1,2,6,7,1,0,0,0,0,0,1,,2,
188,182,1,0,1,55,2,7,1,1,4,1,1,1,0,0,0,1,,2,,2
189,183,1,0,1,61,1,3,2,1,2,1,1,1,0,0,0,0,1,,1,
190,184,1,0,1,42,1,5,2,1,6,10,1,1,0,0,0,0,2,,2,
191,185,1,0,1,33,2,14,1,1,2,2,1,1,0,0,0,0,1,,1,
192,186,1,0,1,30,1,5,1,2,2,5,0,1,0,0,0,1,,3,,3
193,187,1,0,1,41,2,1,1,1,2,9,1,1,0,0,0,0,2,,2,
194,188,1,0,1,59,2,8,1,1,2,10,1,1,0,0,0,0,2,,1,
195,189,1,0,1,42,2,3,1,1,2,5,0,0,1,0,0,0,2,,2,
196,190,1,0,1,50,1,7,1,1,6,2,1,1,0,0,0,0,3,,1,
197,191,1,0,1,27,1,16,1,1,6,4,1,1,0,0,0,0,2,,2,
198,192,1,0,1,39,1,12,1,1,6,4,1,1,0,0,0,0,3,,3,
199,193,1,0,1,45,1,24,1,1,7,1,1,1,0,0,0,0,1,,3,
200,194,1,0,1,67,2,9,1,1,6,2,1,1,0,0,0,1,,2,,1
201,195,1,0,1,65,2,1,1,1,7,5,1,1,0,0,0,0,2,,2,
202,196,1,0,1,47,2,10,1,1,6,10,1,1,0,0,0,0,1,,1,
203,197,1,0,1,24,1,1,15,1,2,7,1,1,0,0,0,1,,3,,3
204,198,1,0,1,41,1,1,1,1,2,9,1,1,0,0,0,0,2,,2,
205,199,1,0,1,32,1,1,15,1,2,10,1,0,0,0,0,0,1,,1,
206,200,1,0,1,28,2,23,1,1,7,2,1,1,0,0,0,1,,1,,1
207,201,1,0,1,30,2,9,1,1,2,10,1,1,0,0,0,1,,1,,1
208,202,1,0,1,33,1,9,1,1,8,1,1,1,0,0,0,1,,2,,2
209,203,1,0,1,29,1,13,2,1,6,1,1,0,0,0,0,0,2,,2,
210,204,1,0,1,56,1,13,2,1,2,1,1,1,0,0,0,0,2,,1,
211,205,1,0,1,39,2,2,2,1,4,3,1,1,0,0,0,1,,1,,1
212,206,1,0,1,79,2,8,1,1,6,5,1,1,0,0,0,1,,2,,2
213,207,1,0,1,36,1,3,15,1,6,3,1,1,0,0,0,0,1,,2,
214,208,1,0,1,35,1,9,10,1,6,4,0,0,1,0,0,1,,2,,2
215,209,1,0,1,49,2,10,1,1,2,1,1,0,0,0,0,0,1,,3,
216,210,1,0,1,43,1,10,1,1,2,3,1,1,0,0,0,0,3,,3,
217,211,1,0,1,70,2,1,1,1,6,1,1,1,0,0,0,1,,1,,1
218,212,1,0,1,29,1,5,2,1,6,4,1,1,0,0,0,0,2,,2,
219,213,1,0,1,75,2,7,1,1,8,1,1,1,0,0,0,0,2,,2,
220,214,1,0,1,36,1,4,2,1,6,1,1,1,0,0,0,0,3,,3,
221,215,1,0,1,47,2,16,1,1,6,1,1,1,0,0,0,1,,1,,1
222,216,1,0,1,44,2,1,1,1,4,10,1,1,0,0,0,1,,3,,3
223,217,1,0,1,59,1,1,1,1,2,3,1,1,0,0,0,0,2,,1,
224,218,1,0,1,29,1,1,1,1,6,2,1,1,0,0,0,0,1,,1,
225,219,1,0,1,40,1,24,1,1,7,1,1,1,0,0,0,1,,1,,1
226,220,1,0,1,67,2,-3105,16,15,7,4,1,1,0,0,0,1,,2,,2
227,221,1,0,1,28,2,1,15,2,2,4,1,1,0,0,0,0,3,,3,
228,222,1,0,1,31,1,1,2,1,4,3,1,0,0,0,0,0,2,,1,
229,223,1,0,1,71,1,6,1,1,7,9,1,1,0,0,0,1,,2,,2
230,224,1,0,1,28,1,15,1,1,2,9,1,1,0,0,0,0,2,,3,
231,225,1,0,1,51,2,7,1,1,6,3,1,1,0,0,0,0,2,,2,
232,226,1,0,1,27,1,8,1,1,2,8,1,1,0,0,0,1,,1,,2
233,227,1,0,1,45,2,18,1,1,6,10,1,1,0,0,0,0,1,,1,
234,228,1,0,1,66,1,11,1,1,8,9,1,1,0,0,0,1,,1,,1
235,229,1,0,1,59,2,13,1,1,5,2,1,1,0,0,0,1,,1,,1
236,230,1,0,1,69,2,18,1,1,5,5,1,1,0,0,0,0,2,,1,
237,231,1,0,1,35,2,13,1,1,6,10,1,1,0,0,0,0,1,,2,
238,232,1,0,1,43,2,10,1,1,4,9,1,1,0,0,0,0,1,,1,
239,233,1,0,1,78,1,2,1,1,2,4,1,1,0,0,0,0,3,,3,
240,234,1,0,1,52,2,9,2,1,6,1,1,1,0,0,0,0,1,,1,
241,235,1,0,1,49,1,6,1,1,2,7,0,0,0,0,1,0,1,,3,
242,236,1,0,1,60,1,6,1,1,6,3,1,1,0,0,0,1,,2,,1
243,237,1,0,1,76,2,6,1,1,6,3,1,1,0,0,0,0,2,,2,
244,238,1,0,1,68,2,-3105,1,1,4,10,1,1,0,0,0,0,2,,2,
245,239,1,0,1,31,1,13,2,1,2,1,1,1,0,0,0,1,,1,,1
246,240,1,0,1,43,2,2,1,1,3,9,1,1,0,0,0,0,2,,2,
247,241,1,0,1,47,2,1,1,1,2,1,1,1,0,0,0,0,2,,1,
248,242,1,0,1,26,1,6,1,1,2,2,0,1,0,0,0,0,2,,2,
249,243,1,0,1,30,2,5,2,1,4,2,1,1,0,0,0,0,1,,3,
250,231,1,0,1,48,1,13,2,1,6,10,1,1,0,0,0,0,1,,2,
251,244,1,0,1,31,2,9,1,1,5,3,1,1,0,0,0,1,,2,,2
252,245,1,0,1,51,2,1,1,1,2,2,1,0,0,0,0,1,,2,,3
253,246,1,0,1,39,1,1,1,1,6,10,1,1,0,0,0,0,3,,3,
254,247,1,0,1,37,1,19,1,1,6,9,1,1,0,0,0,0,1,,1,
255,248,1,0,1,33,1,23,1,1,7,6,1,1,0,0,0,0,2,,1,
256,249,1,0,1,64,1,9,1,1,6,10,1,1,0,0,0,1,,3,,3
257,250,1,0,1,29,1,4,2,1,6,3,1,1,0,0,0,0,2,,3,
258,251,1,0,1,38,1,3,1,1,2,4,0,0,1,0,0,0,2,,2,
259,252,1,0,1,22,1,23,2,2,2,1,1,1,0,0,0,0,1,,1,
260,253,1,0,1,40,1,4,3,1,2,1,1,1,0,0,0,0,1,,1,
261,254,1,0,1,53,2,19,1,2,6,1,1,1,0,0,0,1,,1,,1
262,255,1,0,1,38,1,18,1,1,6,2,1,1,0,0,0,1,,2,,1
263,256,1,0,1,46,2,1,1,1,6,4,1,1,0,0,0,0,2,,2,
264,257,1,0,1,37,2,2,1,1,4,4,1,1,0,0,0,1,,1,,1
265,258,1,0,1,53,2,19,1,1,4,2,1,1,0,0,0,0,1,,1,
266,259,1,0,1,24,2,1,2,1,2,10,0,0,0,1,0,1,,1,,1
267,260,1,0,1,36,1,6,1,1,2,10,1,0,0,0,0,1,,1,,1
268,261,1,0,1,77,1,7,1,1,4,10,1,1,0,0,0,0,1,,1,
269,262,1,0,1,32,1,8,2,1,4,1,1,1,0,0,0,0,1,,2,
270,263,1,0,1,39,2,10,1,1,2,1,1,1,0,0,0,1,,1,,1
271,264,1,0,1,77,1,19,1,1,7,4,0,0,1,0,0,1,,1,,1
272,265,1,0,1,24,2,1,15,2,6,4,1,1,0,0,0,0,2,,3,
273,266,1,0,1,29,1,4,1,1,2,8,1,0,0,0,0,0,1,,3,
274,267,1,0,1,39,2,14,1,1,2,4,1,1,0,0,0,1,,1,,1
275,268,1,0,1,35,1,14,1,1,6,4,1,1,0,0,0,0,3,,3,
276,269,1,0,1,39,1,13,1,2,6,10,1,0,0,0,0,1,,1,,2
277,270,1,0,1,52,2,7,1,1,3,10,1,1,0,0,0,0,1,,1,
278,271,1,0,1,48,2,6,1,1,2,9,1,1,0,0,0,0,3,,1,
279,272,1,0,1,45,1,9,1,1,4,9,1,1,0,0,0,0,1,,1,
280,273,1,0,1,48,1,3,1,1,5,4,1,1,0,0,0,1,,2,,2
281,274,1,0,1,34,1,9,1,1,6,3,1,1,0,0,0,1,,1,,1
282,275,1,0,1,35,1,20,1,1,7,1,1,1,0,0,0,0,1,,1,
283,276,1,0,1,68,2,5,1,1,2,4,1,1,0,0,0,0,2,,2,
284,277,1,0,1,46,1,9,6,1,6,1,1,1,0,0,0,1,,1,,1
285,278,1,0,1,32,2,3,1,1,2,8,1,1,0,0,0,0,3,,3,
286,279,1,0,1,39,2,3,2,1,2,4,1,1,0,0,0,1,,1,,1
287,280,1,0,1,40,1,22,2,1,6,5,0,1,0,0,0,0,1,,2,
288,281,1,0,1,59,2,4,1,15,3,4,1,1,0,0,0,0,1,,1,
289,282,1,0,1,30,1,19,1,1,5,1,1,0,0,0,0,0,1,,1,
290,283,1,0,1,18,2,20,15,2,2,2,1,1,0,0,0,1,,1,,1
291,284,1,0,1,56,1,1,1,1,3,10,1,1,0,0,0,1,,1,,1
292,285,1,0,1,30,1,11,1,2,2,5,1,1,0,0,0,1,,1,,2
293,286,1,0,1,63,2,1,1,1,2,10,1,1,0,0,0,1,,3,,2
294,287,1,0,1,82,2,14,1,1,4,10,1,1,0,0,0,1,,2,,2
295,288,1,0,1,30,2,3,1,1,3,10,0,1,0,0,0,1,,2,,2
296,289,1,0,1,51,2,19,1,1,7,1,1,0,0,0,0,1,,1,,1
297,290,1,0,1,43,2,12,1,1,7,7,1,1,0,0,0,0,2,,1,
298,291,1,0,1,45,1,2,16,15,7,1,1,1,0,0,0,1,,3,,3
299,292,1,0,1,39,1,12,2,1,6,4,1,1,0,0,0,1,,2,,2
300,293,1,0,1,41,2,14,2,1,6,4,1,1,0,0,0,1,,1,,1
301,294,1,0,1,80,1,9,1,1,6,1,1,1,0,0,0,1,,1,,1
302,295,1,0,1,30,1,6,1,1,6,4,1,1,0,0,0,1,,2,,2
303,296,1,0,1,19,1,1,2,2,2,1,1,1,0,0,0,1,,1,,2
304,297,1,0,1,39,1,14,1,1,6,9,1,1,0,0,0,1,,1,,2
305,298,1,0,1,30,1,9,1,1,2,5,1,1,0,0,0,1,,1,,1
306,299,1,0,1,65,2,1,1,1,2,2,1,1,0,0,0,0,1,,1,
307,300,1,0,1,69,2,4,1,1,6,8,1,1,0,0,0,0,1,,1,
308,301,1,0,1,47,1,9,1,1,2,10,1,1,0,0,0,0,1,,1,
309,302,1,0,1,40,1,20,1,1,6,3,1,1,0,0,0,1,,1,,2
310,303,1,0,1,38,1,2,1,1,4,3,1,1,0,0,0,0,1,,2,
311,304,1,0,1,40,1,19,1,1,6,1,1,1,0,0,0,1,,1,,1
312,305,1,0,1,39,1,1,1,1,6,7,1,1,0,0,0,0,3,,3,
313,306,1,0,1,33,1,1,2,1,2,2,1,1,0,0,0,1,,1,,1
314,307,1,0,1,41,1,12,1,1,2,9,1,1,0,0,0,0,3,,3,
315,308,1,0,1,40,1,24,1,1,6,1,1,1,0,0,0,0,1,,1,
316,309,1,0,1,58,2,5,2,1,7,1,1,1,0,0,0,0,2,,2,
317,310,1,0,1,67,2,10,1,1,4,3,1,1,0,0,0,1,,2,,2
318,311,1,0,1,62,2,2,1,1,8,3,1,1,0,0,0,0,1,,1,
319,312,1,0,1,35,1,19,1,1,6,1,1,1,0,0,0,0,1,,1,
320,313,1,0,1,72,2,1,1,1,4,2,1,1,0,0,0,0,1,,1,
321,314,1,0,1,38,1,2,1,1,2,9,1,1,0,0,0,0,2,,1,
322,315,1,0,1,34,1,12,1,1,6,5,0,1,0,0,0,0,2,,2,
323,316,1,0,1,41,2,2,1,1,2,10,1,1,0,0,0,0,1,,1,
324,317,1,0,1,76,1,10,1,1,3,2,1,1,0,0,0,0,3,,2,
325,318,1,0,1,42,1,1,1,1,2,5,1,1,0,0,0,0,2,,1,
326,319,1,0,1,27,2,13,1,1,6,4,1,1,0,0,0,1,,3,,3
327,320,1,0,1,56,1,1,1,1,2,9,1,1,0,0,0,0,2,,2,
328,321,1,0,1,58,2,14,1,1,2,5,1,1,0,0,0,0,1,,1,
329,322,1,0,1,65,1,12,1,1,6,1,1,1,0,0,0,1,,2,,2
330,323,1,0,1,22,2,1,2,1,2,1,1,1,0,0,0,1,,2,,2
331,324,1,0,1,53,2,8,1,1,2,4,1,1,0,0,0,1,,2,,3
332,325,1,0,1,59,2,17,1,1,8,3,1,1,0,0,0,1,,1,,2
333,326,1,0,1,38,1,24,1,2,7,1,1,1,0,0,0,0,1,,1,
334,327,1,0,1,55,1,16,1,1,7,10,1,1,0,0,0,0,2,,1,
335,328,1,0,1,39,1,13,1,2,2,5,1,1,0,0,0,0,2,,1,
336,329,1,0,1,35,1,2,2,1,6,2,0,1,0,0,0,0,2,,1,
337,330,1,0,1,32,1,6,1,1,7,5,1,1,0,0,0,0,1,,1,
338,331,1,0,1,74,1,-3105,1,1,6,4,1,1,0,0,0,1,,1,,1
339,332,1,0,1,36,1,13,1,1,4,2,1,1,0,0,0,0,1,,1,
340,333,1,0,1,29,1,7,5,1,6,2,1,1,0,0,0,1,,1,,1
341,334,1,0,1,57,1,3,1,1,2,2,0,1,0,0,0,0,2,,2,
342,335,1,0,1,36,1,6,1,1,4,7,1,1,0,0,0,1,,1,,1
343,336,1,0,1,48,1,6,1,1,8,2,1,1,0,0,0,0,1,,1,
344,337,1,0,1,56,2,4,1,1,2,2,1,1,0,0,0,1,,2,,2
345,338,1,0,1,45,1,1,2,1,2,2,0,0,1,0,0,0,2,,2,
346,339,1,0,1,54,2,1,1,2,6,1,1,1,0,0,0,0,2,,2,
347,340,1,0,1,68,1,3,1,1,6,2,1,1,0,0,0,1,,1,,1
348,341,1,0,1,26,1,3,1,1,2,2,1,1,0,0,0,1,,3,,2
349,342,1,0,1,47,1,16,2,1,4,2,1,1,0,0,0,1,,1,,1
350,343,1,0,1,51,1,20,10,1,4,3,1,1,0,0,0,1,,1,,1
351,344,1,0,1,28,1,2,15,1,2,2,1,1,0,0,0,0,1,,1,
352,345,1,0,1,53,2,1,1,1,5,5,1,1,0,0,0,1,,2,,2
353,346,1,0,1,72,1,11,1,1,8,1,1,1,0,0,0,1,,1,,1
354,347,1,0,1,64,2,-3105,1,1,7,7,1,1,0,0,0,1,,1,,1
355,348,1,0,1,80,2,2,1,1,6,10,1,1,0,0,0,1,,1,,1
356,349,1,0,1,36,2,5,1,1,2,3,1,1,0,0,0,0,1,,1,
357,350,1,0,1,61,1,1,1,1,8,4,1,1,0,0,0,0,2,,2,
358,351,1,0,1,61,1,7,1,1,6,1,1,1,0,0,0,1,,1,,1
359,352,1,0,1,45,1,20,1,1,6,1,1,1,0,0,0,1,,1,,1
360,353,1,0,1,52,1,4,2,1,2,1,1,1,0,0,0,0,3,,3,
361,354,1,0,1,34,2,1,1,1,2,4,1,1,0,0,0,1,,1,,1
362,355,1,0,1,54,1,4,2,1,4,7,1,1,0,0,0,1,,3,,3
363,356,1,0,1,55,2,19,1,1,2,9,1,1,0,0,0,1,,2,,2
364,357,1,0,1,37,1,1,15,1,2,5,0,1,0,0,0,1,,2,,2
365,358,1,0,1,33,1,1,2,1,6,4,1,1,0,0,0,0,2,,1,
366,359,1,0,1,30,2,10,2,1,2,4,1,1,0,0,0,1,,2,,2
367,360,1,0,1,41,1,8,2,1,4,4,1,1,0,0,0,0,1,,1,
368,361,1,0,1,40,2,1,15,16,2,1,0,0,1,0,0,0,1,,2,
369,362,1,0,1,33,1,8,1,1,2,9,1,1,0,0,0,1,,1,,1
370,363,1,0,1,62,1,1,1,1,6,1,1,1,0,0,0,0,3,,3,
371,364,1,0,1,62,2,2,3,1,2,1,1,1,0,0,0,1,,3,,3
372,365,1,0,1,30,1,10,1,1,2,10,1,1,0,0,0,0,3,,1,
373,366,1,0,1,66,1,6,7,1,6,2,1,0,0,0,0,1,,2,,1
374,367,1,0,1,70,2,5,1,1,7,10,1,1,0,0,0,1,,1,,1
375,368,1,0,1,42,1,3,15,2,6,8,1,1,0,0,0,0,1,,1,
376,369,1,0,1,34,1,8,2,1,2,2,1,1,0,0,0,0,3,,1,
377,370,1,0,1,55,2,2,1,1,1,1,1,1,0,0,0,1,,1,,1
378,371,1,0,1,40,1,13,2,1,6,10,1,1,0,0,0,0,2,,2,
379,372,1,0,1,38,1,4,1,1,2,1,1,1,0,0,0,0,2,,1,
380,373,1,0,1,35,1,23,2,1,2,3,1,1,0,0,0,1,,3,,3
381,374,1,0,1,60,1,12,1,1,7,10,1,1,0,0,0,0,1,,1,
382,375,1,0,1,58,2,5,1,1,2,2,1,1,0,0,0,1,,2,,2
383,376,1,0,1,63,1,21,10,1,8,5,1,1,0,0,0,1,,1,,1
384,377,1,0,1,27,1,5,1,1,6,4,1,1,0,0,0,1,,2,,2
385,378,1,0,1,37,1,2,2,2,4,4,1,1,0,0,0,0,2,,1,
386,379,1,0,1,42,2,1,2,1,4,1,1,1,0,0,0,1,,1,,1
387,380,1,0,1,35,2,20,1,1,6,1,1,1,0,0,0,1,,1,,1
388,381,1,0,1,73,1,7,1,1,8,1,1,1,0,0,0,0,1,,1,
389,382,1,0,1,37,1,5,1,1,2,4,1,1,0,0,0,0,2,,2,
390,383,1,0,1,66,1,8,10,1,8,10,1,1,0,0,0,0,1,,1,
391,384,1,0,1,60,2,5,1,2,2,2,1,1,0,0,0,0,2,,1,
392,385,1,0,1,58,1,3,1,1,8,3,1,1,0,0,0,1,,2,,1
393,386,1,0,1,37,1,24,1,2,7,1,1,0,0,0,0,0,1,,1,
394,387,1,0,1,24,1,1,1,1,2,7,1,1,0,0,0,0,3,,3,
395,388,1,0,1,35,1,10,2,1,6,5,1,0,0,0,0,1,,2,,2
396,389,1,0,1,28,1,7,15,2,2,3,1,1,0,0,0,1,,1,,1
397,390,1,0,1,42,2,18,1,1,7,10,1,1,0,0,0,1,,3,,3
398,391,1,0,1,52,1,5,1,1,2,5,1,1,0,0,0,1,,2,,3
399,392,1,0,1,34,1,16,1,1,4,5,1,1,0,0,0,1,,2,,2
400,393,1,0,1,37,2,5,1,1,2,4,1,1,0,0,0,1,,2,,2
401,394,1,0,1,32,1,11,2,1,6,10,1,1,0,0,0,0,1,,1,
402,395,1,0,1,29,2,1,15,1,2,4,1,1,0,0,0,1,,1,,1
403,396,1,0,1,38,1,24,2,1,6,2,1,1,0,0,0,1,,1,,1
404,397,1,0,1,64,1,17,1,1,8,5,1,1,0,0,0,0,2,,2,
405,398,1,0,1,60,1,7,1,1,4,2,1,1,0,0,0,0,1,,1,
406,399,1,0,1,41,1,9,1,1,4,5,1,1,0,0,0,0,2,,2,
407,400,1,0,1,27,2,-3105,1,1,2,9,1,1,0,0,0,1,,3,,3
408,401,1,0,1,38,1,13,1,1,6,4,1,1,0,0,0,0,1,,1,
409,402,1,0,1,72,2,13,1,1,6,10,1,1,0,0,0,1,,1,,1
410,403,1,0,1,39,1,19,1,1,2,9,1,1,0,0,0,1,,1,,3
411,404,1,0,1,34,2,10,2,1,6,2,0,1,0,0,0,0,2,,2,
412,405,1,0,1,45,1,1,15,2,4,5,0,1,0,0,0,0,2,,3,
413,363,1,0,1,62,1,1,1,1,6,1,1,1,0,0,0,0,3,,3,
414,406,1,0,1,43,2,2,1,1,6,10,1,1,0,0,0,1,,2,,2
415,407,1,0,1,35,1,8,10,1,7,2,1,1,0,0,0,1,,2,,2
416,408,1,0,1,18,1,8,2,1,2,1,0,1,0,1,0,1,,2,,1
417,409,1,0,1,30,1,19,1,1,5,3,1,1,0,0,0,1,,2,,1
418,410,1,0,1,44,1,18,15,1,2,5,1,1,0,0,0,1,,1,,1
419,411,1,0,1,31,2,2,1,1,6,10,1,1,0,0,0,0,1,,1,
420,412,1,0,1,44,1,1,2,1,6,5,1,1,0,0,0,0,1,,1,
421,413,1,0,1,81,1,8,1,1,6,10,1,1,0,0,0,1,,1,,1
422,414,1,0,1,79,2,6,1,1,2,4,1,1,0,0,0,1,,1,,1
423,415,1,0,1,66,1,5,1,1,8,5,1,1,0,0,0,1,,3,,1
424,416,1,0,1,63,1,8,1,1,6,10,1,1,0,0,0,0,1,,3,
425,417,1,0,1,44,2,3,1,1,1,4,1,1,0,0,0,0,2,,2,
426,418,1,0,1,69,1,10,1,1,2,10,1,1,0,0,0,1,,2,,2
427,419,1,0,1,67,2,1,1,1,4,5,1,1,0,0,0,1,,1,,3
428,420,1,0,1,52,2,6,2,1,6,3,1,1,0,0,0,1,,1,,1
429,421,1,0,1,35,2,1,15,1,5,3,1,1,0,0,0,1,,1,,2
430,422,1,0,1,26,2,20,1,2,6,2,1,1,0,0,0,0,2,,2,
431,423,1,0,1,51,1,9,2,1,6,2,1,1,0,0,0,0,1,,1,
432,424,1,0,1,53,2,5,1,1,6,9,1,1,0,0,0,1,,1,,1
433,425,1,0,1,57,2,1,1,6,2,1,1,0,0,0,0,1,,2,,2
434,426,1,0,1,51,1,13,1,1,6,1,1,1,0,0,0,0,3,,3,
435,427,1,0,1,65,2,9,1,1,6,4,1,1,0,0,0,0,1,,1,
436,428,1,0,1,60,2,10,1,1,7,10,1,1,0,0,0,1,,1,,1
437,429,1,0,1,46,1,14,1,1,5,4,1,1,0,0,0,1,,1,,1
438,430,1,0,1,39,2,6,1,1,6,3,1,1,0,0,0,0,1,,1,
439,431,1,0,1,63,2,10,1,1,2,9,1,1,0,0,0,1,,1,,1
440,432,1,0,1,73,1,11,1,1,8,5,1,1,0,0,0,1,,1,,1
441,433,1,0,1,64,1,15,1,1,8,1,1,1,0,0,0,0,1,,1,
442,434,1,0,1,42,2,7,15,1,4,1,0,1,0,0,0,1,,2,,3
443,435,1,0,1,32,1,14,1,1,8,1,1,1,0,0,0,0,1,,1,
444,436,1,0,1,64,1,3,1,1,4,4,1,1,0,0,0,0,2,,2,
445,437,1,0,1,30,1,9,2,1,2,2,1,1,0,0,0,0,2,,1,
446,438,1,0,1,22,2,-3105,2,1,4,7,1,1,0,0,0,0,2,,2,
447,439,1,0,1,57,1,19,1,1,8,1,1,1,0,0,0,0,2,,2,
448,440,1,0,1,65,1,5,1,1,8,2,1,1,0,0,0,1,,2,,2
449,441,1,0,1,50,2,1,2,1,4,1,1,1,0,0,0,1,,1,,2
450,442,1,0,1,72,1,19,1,1,6,3,1,1,0,0,0,1,,1,,1
451,443,1,0,1,62,2,8,1,1,7,1,1,1,0,0,0,1,,2,,2
452,444,0,0,1,18,1,1,1,2,2,2,,,,,,1,,,,
453,445,1,0,1,58,1,6,1,1,7,10,1,1,0,0,0,0,1,,1,
454,446,1,0,1,70,2,1,2,1,6,5,1,1,0,0,0,1,,1,,1
455,447,1,0,1,31,1,6,1,1,4,2,1,1,0,0,0,1,,1,,1
456,448,1,0,1,74,1,5,1,1,7,1,1,1,0,0,0,0,2,,1,
457,449,1,0,1,49,1,6,8,1,6,10,1,0,0,0,0,1,,1,,1
458,450,1,0,1,44,1,1,1,1,6,10,1,1,0,0,0,1,,3,,1
459,451,1,0,1,37,1,21,1,1,7,1,1,1,0,0,0,0,1,,1,
460,452,1,0,1,65,2,5,15,1,2,2,0,1,0,0,0,1,,2,,2
461,453,1,0,1,73,1,4,1,1,6,2,1,1,0,0,0,1,,1,,1
462,454,0,0,1,18,1,1,2,3,2,9,,,,,,0,,,,
463,455,1,0,1,19,1,20,4,2,4,2,1,1,0,0,0,0,2,,1,
464,456,1,0,1,76,1,4,1,1,5,4,1,1,0,0,0,0,1,,1,
465,457,1,0,1,69,2,1,1,1,2,10,0,0,0,1,0,0,2,,2,
466,458,1,0,1,56,1,19,1,1,4,9,1,1,0,0,0,0,1,,1,
467,459,1,0,1,29,1,4,1,2,2,9,1,1,0,0,0,1,,2,,3
468,460,1,0,1,18,1,1,10,1,2,1,0,1,0,0,0,0,1,,1,
469,461,1,0,1,19,1,8,3,1,2,3,1,1,0,0,0,1,,1,,1
470,462,1,0,1,68,1,2,1,1,8,1,1,1,0,0,0,0,2,,1,
471,463,1,0,1,32,1,4,1,1,2,1,1,1,0,0,0,0,2,,2,
472,464,1,0,1,21,1,18,1,2,4,5,1,1,0,0,0,1,,2,,2
473,465,1,0,1,25,1,1,1,1,4,7,0,1,0,0,0,0,1,,2,
474,466,1,0,1,85,2,8,1,1,5,10,0,0,1,0,0,0,2,,2,
475,467,1,0,1,26,1,1,1,1,2,1,0,1,0,0,0,0,1,,2,
476,468,1,0,1,22,1,17,15,2,5,2,1,1,0,0,0,1,,2,,1
477,469,1,0,1,21,1,1,1,1,4,5,1,1,0,0,0,1,,3,,2
478,470,1,0,1,70,2,20,1,1,7,9,0,1,0,0,0,1,,1,,1
479,471,1,0,1,24,1,2,15,2,2,5,1,0,0,0,0,0,1,,1,
480,472,1,0,1,22,1,1,2,16,2,1,1,1,0,0,0,1,,1,,2
481,473,1,0,1,50,1,21,1,1,7,1,1,1,0,0,0,0,1,,1,
482,474,1,0,1,59,2,1,1,1,6,7,1,1,0,0,0,1,,3,,3
483,475,1,0,1,18,1,12,1,1,6,4,1,1,0,0,0,1,,2,,3
484,476,1,0,1,33,1,20,15,13,6,3,0,0,1,0,0,1,,3,,1
485,477,1,0,1,56,1,1,1,1,2,4,1,1,0,0,0,1,,2,,2
486,478,1,0,1,18,1,11,1,1,2,5,1,1,0,0,0,0,3,,3,
487,479,1,0,1,30,1,21,1,16,7,1,1,1,0,0,0,1,,1,,1
488,480,1,0,1,28,1,21,1,14,6,1,0,0,0,0,1,1,,1,,1
489,481,1,0,1,64,1,4,1,1,5,4,1,1,0,0,0,1,,2,,2
490,482,1,0,1,19,1,21,2,5,6,10,1,1,0,0,0,0,1,,1,
491,483,1,0,1,20,1,19,1,1,2,2,1,1,0,0,0,1,,2,,2
492,484,1,0,1,34,1,22,1,1,5,2,1,1,0,0,0,1,,1,,1
493,485,1,0,1,65,1,18,1,1,4,4,1,1,0,0,0,1,,1,,1
494,486,1,0,1,63,1,15,1,1,5,9,1,1,0,0,0,0,1,,1,
495,487,1,0,1,62,2,1,3,1,-3105,7,1,1,0,0,0,1,,1,,1
496,488,1,0,1,23,1,21,1,1,2,1,0,1,0,0,0,0,1,,2,
497,489,1,0,1,22,1,16,7,1,6,7,1,1,0,0,0,0,3,,1,
498,490,1,0,1,18,1,4,10,1,2,7,1,1,0,0,0,1,,2,,2
499,491,1,0,1,46,1,10,1,1,5,10,1,1,0,0,0,1,,2,,1
500,492,1,0,1,18,1,2,2,14,4,4,1,1,0,0,0,0,1,,1,
501,493,1,0,1,18,1,13,1,16,1,1,1,1,0,0,0,0,2,,2,
502,494,1,0,1,22,1,19,1,1,6,5,1,1,0,0,0,1,,1,,1
503,495,1,0,1,18,1,1,1,1,2,1,0,0,1,0,0,0,2,,3,
504,496,1,0,1,21,1,6,1,1,4,3,1,1,0,0,0,0,2,,2,
505,497,1,0,1,35,1,8,15,1,2,2,1,1,0,0,0,0,2,,2,
506,498,1,0,1,18,1,24,15,2,2,7,1,1,0,0,0,0,1,,1,
507,499,1,0,1,18,1,14,1,1,2,5,1,1,0,0,0,1,,1,,1
508,500,1,0,1,22,1,15,15,7,7,1,1,1,0,0,0,0,2,,3,
509,501,1,0,1,33,1,2,2,16,2,5,1,1,0,0,0,1,,1,,1
510,502,1,0,1,33,1,5,1,1,4,1,1,1,0,0,0,1,,1,,1
511,503,1,0,1,51,1,19,1,1,6,1,1,1,0,0,0,1,,1,,2
512,504,1,0,1,55,1,9,1,1,2,1,1,1,0,0,0,0,1,,1,
513,505,1,0,1,25,1,20,4,1,6,3,1,1,0,0,0,0,1,,2,
514,506,1,0,1,62,1,15,1,1,2,5,1,1,0,0,0,1,,1,,3
515,507,1,0,1,20,1,2,1,2,2,1,1,1,0,0,0,0,1,,1,
516,508,1,0,1,22,1,1,5,1,6,3,1,1,0,0,0,0,2,,1,
517,509,1,0,1,34,1,1,1,1,2,4,1,1,0,0,0,1,,3,,2
518,510,1,0,1,23,1,14,1,1,6,1,1,1,0,0,0,1,,1,,1
519,511,1,0,1,56,1,10,1,1,2,4,1,1,0,0,0,0,3,,3,
520,512,1,0,1,23,1,8,1,2,5,10,1,1,0,0,0,0,3,,1,
521,513,1,0,1,18,1,1,15,2,2,7,1,1,0,0,0,0,2,,2,
522,514,1,0,1,34,1,24,1,1,6,1,1,1,0,0,0,0,1,,1,
523,515,1,0,1,20,1,2,1,1,4,9,1,1,0,0,0,1,,2,,1
524,516,1,0,1,49,1,3,1,1,4,4,1,1,0,0,0,0,1,,1,
525,517,1,0,1,22,2,8,1,1,4,1,0,1,0,0,0,0,1,,2,
526,518,1,0,1,20,2,1,2,1,2,4,0,1,0,1,0,0,2,,2,
527,519,1,0,1,38,2,1,1,1,2,10,1,1,0,0,0,1,,2,,2
528,520,1,0,1,73,2,18,6,1,6,10,0,1,0,0,0,1,,3,,2
529,521,1,0,1,20,1,2,1,1,2,1,0,0,1,0,0,1,,1,,1
530,522,1,0,1,19,2,1,2,1,1,1,0,1,0,0,0,0,2,,1,
531,523,1,0,1,59,1,19,1,3,6,2,1,1,0,0,0,1,,1,,1
532,524,1,0,1,19,2,9,2,1,2,2,1,1,0,0,0,0,2,,2,
533,525,1,0,1,31,2,11,2,1,2,10,0,1,0,0,0,1,,1,,1
534,526,1,0,1,21,1,1,1,1,1,5,0,0,0,0,1,0,2,,3,
535,527,1,0,1,38,2,-3105,16,15,8,6,1,1,0,0,0,1,,3,,2
536,528,1,0,1,32,1,18,1,1,7,10,1,1,0,0,0,0,3,,1,
537,529,1,0,1,33,1,3,1,1,2,7,1,1,0,0,0,0,3,,3,
538,530,1,0,1,30,2,2,3,1,2,10,1,0,0,0,0,0,2,,2,
539,531,1,0,1,34,1,2,15,2,2,4,1,1,0,0,0,0,2,,2,
540,532,1,0,1,24,2,2,2,1,1,7,0,1,0,0,0,0,3,,3,
541,533,1,0,1,49,2,3,1,1,6,2,1,1,0,0,0,0,3,,3,
542,534,1,0,1,19,1,9,15,2,4,1,0,0,1,0,0,1,,2,,2
543,535,1,0,1,18,1,1,1,1,2,1,1,1,0,0,0,1,,2,,1
544,536,1,0,1,23,2,9,15,1,6,2,1,1,0,0,0,1,,3,,3
545,537,1,0,1,27,2,2,15,2,3,1,1,0,0,0,0,1,,1,,1
546,538,1,0,1,47,1,4,1,1,4,1,1,1,0,0,0,0,1,,1,
547,539,1,0,1,53,1,1,1,1,2,1,1,1,0,0,0,0,1,,2,
548,540,1,0,1,19,2,1,15,2,2,1,1,0,0,0,0,0,1,,1,
549,541,1,0,1,18,1,1,2,16,2,1,1,1,0,0,0,0,1,,1,
550,542,1,0,1,47,1,6,15,14,2,2,1,1,0,0,0,0,2,,2,
551,543,0,0,1,60,2,5,16,1,6,2,,,,,,0,,,,
552,544,1,0,1,20,1,12,1,8,6,1,1,1,0,0,0,0,1,,1,
553,545,0,0,1,24,2,19,1,1,7,9,,,,,,0,,,,
554,546,1,0,1,18,1,6,10,14,2,3,1,1,0,0,0,0,2,,2,
555,547,1,0,1,19,2,15,1,1,4,4,1,1,0,0,0,1,,2,,1
556,548,1,0,1,19,1,1,4,1,6,5,1,1,0,0,0,1,,2,,2
557,549,1,0,1,58,1,4,1,1,2,10,1,1,0,0,0,1,,3,,3
558,550,0,0,1,55,2,22,1,1,6,9,,,,,,1,,,,
559,551,1,0,1,21,2,3,1,1,1,1,1,1,0,0,0,1,,2,,2
560,552,1,0,1,34,2,9,10,1,6,1,1,0,0,0,0,1,,1,,1
561,553,1,0,1,21,2,21,1,1,7,10,1,0,0,0,0,0,1,,2,
562,554,1,0,1,22,1,4,1,1,2,10,1,1,0,0,0,0,3,,3,
563,555,1,0,1,21,2,1,1,1,1,7,1,1,0,0,0,1,,2,,2
564,556,1,0,1,20,2,3,2,1,6,2,1,1,0,0,0,1,,2,,1
565,557,1,0,1,30,2,1,10,1,6,10,1,1,0,0,0,0,3,,1,
566,558,1,0,1,21,2,8,1,14,2,1,1,1,0,0,0,1,,1,,1
567,559,1,0,1,18,1,3,6,2,2,4,1,1,0,0,0,1,,1,,1
568,560,1,0,1,34,1,20,1,1,6,1,1,1,0,0,0,0,1,,2,
569,561,1,0,1,47,1,23,1,1,4,10,1,1,0,0,0,1,,1,,2
570,562,1,0,1,75,2,5,1,1,4,2,1,1,0,0,0,1,,2,,2
571,560,1,0,1,34,1,20,1,1,7,1,1,1,0,0,0,1,,1,,1
572,563,1,0,1,35,2,5,2,1,4,4,1,1,0,0,0,1,,3,,3
573,564,1,0,1,22,2,1,15,16,5,4,0,1,0,0,0,0,2,,1,
574,565,1,0,1,22,1,1,9,1,2,2,1,1,0,0,0,0,1,,1,
575,566,1,0,1,42,2,18,1,1,8,8,1,1,0,0,0,0,1,,1,
576,567,1,0,1,33,2,19,15,2,6,2,1,1,0,0,0,1,,1,,1
577,568,1,0,1,38,1,20,1,1,6,1,1,1,0,0,0,1,,1,,1
578,569,1,0,1,23,1,1,4,1,-3105,3,0,1,0,0,0,1,,3,,3
579,570,1,0,1,20,2,1,2,1,1,3,1,1,0,0,0,0,2,,3,
580,571,1,0,1,75,1,1,1,1,7,4,1,1,0,0,0,0,2,,3,
581,572,1,0,1,54,1,14,1,1,2,10,1,1,0,0,0,0,2,,2,
582,573,1,0,1,24,2,6,1,2,4,2,1,1,0,0,0,1,,2,,1
583,574,1,0,1,61,1,20,6,1,5,4,1,1,0,0,0,1,,1,,2
584,575,1,0,1,52,2,4,2,1,2,1,1,1,0,0,0,0,1,,1,
585,576,1,0,1,58,2,4,1,1,2,3,0,0,1,0,0,1,,2,,2
586,577,1,0,1,22,2,9,1,1,2,5,1,1,0,0,0,0,2,,2,
587,578,1,0,1,61,2,12,1,1,4,2,1,1,0,0,0,1,,1,,1
588,579,1,0,1,58,1,4,1,1,4,4,1,1,0,0,0,0,1,,1,
589,580,1,0,1,23,1,1,1,1,4,3,1,1,0,0,0,0,1,,1,
590,581,1,0,1,18,2,19,1,1,2,1,1,1,0,0,0,1,,3,,1
591,582,1,0,1,21,2,7,1,2,4,3,1,1,0,0,0,0,3,,3,
592,583,1,0,1,46,1,23,4,1,7,5,1,1,0,0,0,0,1,,1,
593,584,1,0,1,66,2,5,1,1,8,3,1,1,0,0,0,1,,1,,1
594,585,1,0,1,24,1,19,1,1,4,7,1,1,0,0,0,0,1,,1,
595,586,1,0,1,47,2,5,1,1,6,10,1,1,0,0,0,1,,3,,2
596,587,1,0,1,54,1,3,1,1,5,4,1,1,0,0,0,1,,2,,2
597,588,1,0,1,29,2,13,2,1,7,1,1,0,1,0,0,1,,1,,2
598,589,1,0,1,56,1,2,1,1,2,2,1,1,0,0,0,1,,3,,3
599,590,1,0,1,20,2,23,1,1,4,1,1,1,0,0,0,0,1,,3,
600,591,1,0,1,20,2,1,15,2,2,3,1,1,0,0,0,1,,1,,2
601,592,1,0,1,22,2,17,10,2,6,1,1,0,0,0,0,0,1,,1,
602,593,1,0,1,58,2,8,1,1,4,10,1,1,0,0,0,0,3,,3,
603,594,1,0,1,56,1,7,1,1,6,10,1,1,0,0,0,1,,2,,2
604,595,1,0,1,83,1,10,1,1,4,4,1,1,0,0,0,0,2,,3,
605,596,1,0,1,52,2,18,1,1,6,1,1,1,0,0,0,1,,2,,2
606,597,1,0,1,21,2,13,15,2,2,1,1,1,0,0,0,1,,1,,2
607,598,1,0,1,27,1,21,1,1,7,1,1,1,0,0,0,0,1,,1,
608,599,1,0,1,22,2,1,2,1,5,4,1,1,0,0,0,1,,3,,3
609,600,1,0,1,69,2,9,1,1,8,1,1,1,0,0,0,1,,1,,1
610,601,1,0,1,21,2,19,2,1,5,10,1,1,0,0,0,1,,1,,1
611,602,1,0,1,25,2,1,2,1,4,7,1,1,0,0,0,0,3,,3,
612,603,1,0,1,18,2,4,3,16,1,1,1,1,0,0,0,1,,1,,1
613,604,1,0,1,78,2,1,1,1,2,10,1,1,0,0,0,1,,2,,3
614,605,1,0,1,80,2,-3105,1,1,6,9,1,1,0,0,0,1,,1,,1
615,606,1,0,1,41,2,10,3,2,5,5,1,1,0,0,0,0,2,,1,
616,607,0,0,1,49,1,3,1,1,7,1,,,,,,1,,,,
617,608,1,0,1,54,1,1,1,1,4,5,1,1,0,0,0,0,1,,1,
618,609,1,0,1,23,2,1,15,2,5,7,1,1,0,0,0,1,,1,,1
619,610,1,0,1,60,2,8,2,1,2,2,1,1,0,0,0,0,1,,1,
620,611,1,0,1,20,2,4,1,1,2,4,1,1,0,0,0,0,3,,1,
621,612,1,0,1,64,2,6,1,1,6,4,1,1,0,0,0,0,1,,1,
622,613,1,0,1,59,2,7,1,1,4,4,1,1,0,0,0,0,1,,1,
623,614,1,0,1,63,1,15,1,1,2,4,1,1,0,0,0,0,2,,2,
624,615,1,0,1,37,2,9,1,1,6,5,1,1,0,0,0,0,2,,2,
625,616,1,0,1,21,1,6,15,16,2,10,1,0,0,0,0,1,,1,,1
626,617,1,0,1,69,1,11,1,1,4,1,1,1,0,0,0,1,,2,,1
627,618,1,0,1,20,1,1,15,2,1,1,1,1,0,0,0,0,3,,1,
628,619,1,0,1,57,2,1,1,1,2,10,1,1,0,0,0,1,,3,,3
629,620,1,0,1,45,2,18,1,1,5,2,1,1,0,0,0,1,,1,,1
630,621,1,0,1,56,2,16,1,1,6,10,1,1,0,0,0,0,2,,2,
631,622,1,0,1,66,1,19,1,1,7,10,1,1,0,0,0,1,,1,,1
632,623,1,0,1,18,2,1,1,2,1,3,1,1,0,0,0,0,1,,1,
633,624,1,0,1,49,1,16,1,1,4,1,1,1,0,0,0,0,2,,2,
634,625,1,0,1,22,2,1,1,1,2,7,1,1,0,0,0,1,,2,,2
635,626,1,0,1,24,2,6,1,1,6,4,1,1,0,0,0,0,2,,2,
636,627,1,0,1,53,2,5,15,16,2,1,1,1,0,0,0,0,1,,2,
637,628,1,0,1,29,2,5,2,2,4,1,1,1,0,0,0,0,2,,2,
638,629,1,0,1,63,2,4,1,1,4,1,1,1,0,0,0,1,,1,,3
639,630,1,0,1,73,1,13,1,1,6,10,1,1,0,0,0,1,,1,,1
640,631,1,0,1,25,2,4,8,1,6,2,1,1,0,0,0,0,1,,1,
641,632,1,0,1,54,2,-3105,1,1,2,7,1,1,0,0,0,1,,3,,3
642,633,1,0,1,58,1,17,1,1,2,10,1,1,0,0,0,0,1,,1,
643,634,1,0,1,58,2,18,1,1,4,10,1,1,0,0,0,1,,2,,2
644,635,1,0,1,62,2,24,1,1,7,10,1,1,0,0,0,0,1,,1,
645,636,1,0,1,74,1,8,1,1,4,1,1,1,0,0,0,1,,1,,2
646,637,1,0,1,23,2,12,2,1,5,1,1,1,0,0,0,1,,1,,1
647,638,1,0,1,30,1,11,1,1,4,8,1,1,0,0,0,0,1,,1,
648,639,1,0,1,57,1,18,1,1,6,1,1,1,0,0,0,1,,1,,1
649,640,1,0,1,66,2,4,1,1,6,1,1,1,0,0,0,1,,1,,1
650,641,1,0,1,47,1,22,1,1,4,4,1,1,0,0,0,0,2,,2,
651,642,1,0,1,29,2,1,15,16,3,4,1,1,0,0,0,0,2,,2,
652,643,1,0,1,29,2,2,10,1,1,4,0,1,0,0,0,0,1,,2,
653,644,1,0,1,78,2,5,1,1,4,10,1,1,0,0,0,1,,2,,2
654,645,1,0,1,49,1,8,1,1,8,4,1,1,0,0,0,1,,2,,2
655,646,1,0,1,48,2,5,1,1,2,10,1,1,0,0,0,0,1,,1,
656,647,1,0,1,57,2,18,15,2,4,10,1,1,0,0,0,1,,1,,1
657,648,1,0,1,55,1,13,1,1,2,5,1,1,0,0,0,1,,1,,3
658,649,1,0,1,53,1,8,1,1,5,10,1,1,0,0,0,1,,3,,3
659,650,1,0,1,57,1,4,1,1,2,3,0,1,0,0,0,1,,3,,2
660,651,1,0,1,18,1,11,1,1,1,10,1,1,0,0,0,0,3,,3,
661,652,1,0,1,46,1,1,1,1,2,4,1,1,0,0,0,1,,1,,3
662,653,1,0,1,78,1,16,1,1,5,5,1,1,0,0,0,0,1,,1,
663,654,1,0,1,73,1,6,1,1,6,1,1,1,0,0,0,1,,2,,1
664,655,1,0,1,47,1,12,1,1,5,3,1,1,0,0,0,0,2,,2,
665,656,1,0,1,75,1,6,1,1,7,10,1,1,0,0,0,0,1,,1,
666,657,1,0,1,74,1,8,1,1,6,1,1,1,0,0,0,1,,2,,2
667,658,1,0,1,68,1,10,1,1,4,9,1,1,0,0,0,0,1,,1,
668,659,1,0,1,51,2,-3105,1,1,8,4,1,1,0,0,0,0,1,,1,
669,660,1,0,1,54,1,4,1,1,5,3,1,1,0,0,0,1,,1,,2
670,661,1,0,1,66,2,19,1,1,8,1,1,1,0,0,0,1,,2,,2
671,662,1,0,1,74,1,12,1,1,6,1,1,1,0,0,0,1,,1,,1
672,663,1,0,1,67,1,2,1,1,2,2,1,1,0,0,0,0,2,,2,
673,664,1,0,1,56,2,1,1,1,6,1,1,1,0,0,0,0,3,,3,
674,665,1,0,1,30,2,2,6,1,6,2,1,1,0,0,0,0,2,,2,
675,666,1,0,1,19,2,1,1,1,4,3,1,1,0,0,0,0,1,,1,
676,667,1,0,1,31,2,1,6,1,6,5,1,0,0,0,0,1,,1,,2
677,668,1,0,1,48,1,4,1,1,8,5,1,1,0,0,0,1,,1,,1
678,669,1,0,1,84,1,8,1,1,7,1,1,1,0,0,0,1,,1,,1
679,670,1,0,1,45,1,19,1,1,8,2,1,1,0,0,0,0,2,,2,
680,671,1,0,1,62,1,9,1,1,4,4,1,1,0,0,0,0,1,,1,
681,672,1,0,1,54,1,21,1,15,8,3,1,1,0,0,0,0,1,,1,
682,673,1,0,1,64,1,21,1,1,5,1,1,1,0,0,0,1,,3,,1
683,674,1,0,1,48,2,4,3,1,5,4,1,1,0,0,0,0,3,,3,
684,675,1,0,1,58,1,-3105,1,1,6,7,1,1,0,0,0,0,1,,1,
685,676,1,0,1,63,1,20,1,1,8,1,1,1,0,0,0,0,2,,2,
686,677,1,0,1,55,2,8,1,1,5,1,1,1,0,0,0,1,,1,,1
687,678,1,0,1,61,1,1,1,1,6,10,1,1,0,0,0,0,1,,1,
688,679,1,0,1,59,1,11,1,1,7,2,1,1,0,0,0,1,,1,,1
689,680,1,0,1,63,2,19,16,15,8,2,1,1,0,0,0,0,2,,1,
690,681,1,0,1,49,2,2,9,1,5,7,1,1,0,0,0,0,1,,1,
691,682,0,0,1,49,2,18,5,1,7,9,,,,,,0,,,,
692,683,1,0,1,34,2,13,6,1,6,1,1,1,0,0,0,1,,1,,1
693,684,1,0,1,45,2,19,4,1,8,3,1,1,0,0,0,1,,1,,1
694,685,1,0,1,68,2,9,3,2,2,4,1,1,0,0,0,0,1,,2,
695,686,1,0,1,78,2,13,1,1,6,7,1,1,0,0,0,0,2,,2,
696,687,1,0,1,46,2,5,3,1,2,7,1,0,0,0,0,1,,2,,2
697,688,1,0,1,39,2,-3105,16,1,2,7,1,1,0,0,0,0,1,,1,
698,689,1,0,1,45,1,13,1,1,6,2,1,1,0,0,0,0,3,,3,
699,690,1,0,1,46,2,1,15,1,4,4,1,1,0,0,0,1,,2,,3
700,691,1,0,1,46,2,17,6,1,8,9,1,1,0,0,0,0,1,,1,
701,692,1,0,1,46,2,3,16,1,7,7,1,1,0,0,0,1,,1,,2
702,693,1,0,1,53,2,4,16,1,8,4,1,1,0,0,0,0,1,,1,
703,694,0,0,1,37,1,3,1,1,1,1,,,,,,1,,,,
704,695,1,0,1,45,2,5,15,2,6,1,1,1,0,0,0,1,,2,,1
705,696,1,0,1,62,2,10,1,1,4,10,1,1,0,0,0,1,,1,,1
706,697,1,0,1,43,2,3,1,1,1,4,1,1,0,0,0,0,3,,3,
707,698,1,0,1,57,1,18,1,1,7,9,1,1,0,0,0,0,1,,1,
708,699,1,0,1,30,2,10,1,1,2,10,1,1,0,0,0,1,,2,,2
709,700,1,0,1,33,2,5,1,1,4,7,1,1,0,0,0,0,2,,1,
710,701,1,0,1,20,2,1,1,2,3,5,0,1,0,0,0,1,,2,,3
711,702,1,0,1,27,2,4,1,2,2,5,1,1,0,0,0,0,2,,2,
712,703,1,0,1,31,2,4,1,1,2,2,0,0,1,0,0,1,,2,,2
713,704,1,0,1,62,1,6,1,1,2,10,1,1,0,0,0,1,,1,,1
714,705,1,0,1,59,1,1,1,1,2,5,0,1,0,0,0,0,1,,1,
715,706,1,0,1,18,2,1,1,1,2,1,1,1,0,0,0,0,2,,2,
716,707,1,0,1,38,2,2,1,1,2,9,1,1,0,0,0,0,1,,2,
717,708,1,0,1,65,2,4,1,1,5,1,1,1,0,0,0,0,1,,2,
718,709,1,0,1,18,2,16,1,1,2,3,1,1,0,0,0,0,3,,3,
719,710,1,0,1,27,2,8,1,1,2,3,1,1,0,0,0,1,,3,,2
720,711,1,0,1,63,1,21,1,1,6,5,1,1,0,0,0,0,2,,2,
721,712,1,0,1,52,2,12,6,1,8,5,1,1,0,0,0,0,2,,2,
722,713,1,0,1,60,2,19,1,1,6,1,1,1,0,0,0,1,,2,,1
723,714,1,0,1,55,2,3,1,1,2,10,1,0,0,0,0,0,2,,2,
724,715,1,0,1,51,2,19,1,2,2,10,1,1,0,0,0,1,,1,,1
725,716,1,0,1,50,2,1,1,1,1,8,1,1,0,0,0,1,,2,,3
726,717,1,0,1,34,2,8,1,1,2,1,1,1,0,0,0,1,,1,,1
727,718,1,0,1,65,2,4,1,1,8,1,1,1,0,0,0,0,2,,2,
728,719,1,0,1,24,2,11,15,2,2,10,1,1,0,0,0,1,,2,,1
729,720,1,0,1,73,2,2,1,1,4,9,1,1,0,0,0,1,,1,,1
730,721,1,0,1,62,2,5,1,1,2,10,1,1,0,0,0,1,,1,,1
731,722,1,0,1,41,2,13,1,1,2,7,1,1,0,0,0,0,2,,2,
732,723,1,0,1,58,1,3,1,1,4,5,1,1,0,0,0,1,,1,,1
733,724,1,0,1,57,1,20,1,1,7,1,1,0,0,0,0,1,,1,,1
734,725,1,0,1,62,2,20,1,1,6,1,1,1,0,0,0,1,,2,,2
735,726,1,0,1,40,2,8,1,1,6,9,1,1,0,0,0,0,2,,3,
736,727,1,0,1,19,2,11,1,1,2,10,1,1,0,0,0,1,,1,,1
737,728,1,0,1,45,2,4,1,1,2,2,1,1,0,0,0,1,,1,,1
738,729,1,0,1,53,1,5,1,1,6,1,1,1,0,0,0,1,,1,,1
739,730,1,0,1,45,1,9,1,1,4,2,1,1,0,0,0,0,2,,2,
740,731,1,0,1,32,1,9,1,1,4,10,1,1,0,0,0,1,,2,,2
741,732,1,0,1,44,2,4,1,1,6,4,1,1,0,0,0,1,,2,,2
742,733,1,0,1,47,2,17,1,1,2,3,1,1,0,0,0,1,,1,,1
743,734,1,0,1,72,2,1,1,1,6,9,1,1,0,0,0,0,1,,1,
744,735,1,0,1,72,2,12,1,1,6,1,1,1,0,0,0,1,,1,,1
745,736,1,0,1,66,1,-3105,1,1,8,9,1,1,0,0,0,1,,1,,1
746,737,1,0,1,50,2,9,1,1,7,10,1,1,0,0,0,1,,1,,1
747,738,1,0,1,84,2,18,1,1,6,1,1,1,0,0,0,0,1,,2,
748,739,1,0,1,71,1,1,1,1,6,2,1,1,0,0,0,1,,2,,2
749,740,1,0,1,53,2,18,1,1,2,1,1,0,0,0,0,0,1,,1,
750,741,1,0,1,59,1,24,1,1,4,5,1,1,0,0,0,0,2,,2,
751,742,1,0,1,69,1,11,1,1,2,2,1,1,0,0,0,1,,1,,2
752,743,1,0,1,78,1,12,1,1,7,10,1,1,0,0,0,1,,2,,2
753,744,1,0,1,49,2,13,1,1,8,8,1,1,0,0,0,1,,1,,1
754,745,1,0,1,51,2,8,1,1,2,1,1,1,0,0,0,0,3,,2,
755,746,1,0,1,58,1,4,1,15,2,10,1,1,0,0,0,1,,1,,1
756,747,1,0,1,66,1,6,1,1,6,10,1,1,0,0,0,0,1,,1,
757,748,1,0,1,46,1,3,1,1,4,9,1,1,0,0,0,1,,2,,2
758,749,1,0,1,20,2,10,1,2,2,9,1,1,0,0,0,0,2,,1,
759,750,1,0,1,59,2,3,1,1,6,7,1,1,0,0,0,1,,1,,1
760,751,1,0,1,61,1,2,1,1,6,10,1,1,0,0,0,1,,3,,3
761,752,1,0,1,63,2,1,1,1,1,4,1,1,0,0,0,1,,3,,3
762,753,1,0,1,33,2,1,1,1,4,5,1,1,0,0,0,0,2,,1,
763,754,1,0,1,61,2,17,1,1,8,9,1,1,0,0,0,0,1,,1,
764,755,1,0,1,27,2,1,2,1,2,1,1,1,0,0,0,0,3,,3,
765,756,1,0,1,51,2,20,16,1,8,1,1,1,0,0,0,0,1,,1,
766,757,1,0,1,74,1,13,1,1,2,7,1,1,0,0,0,1,,2,,2
767,758,1,0,1,56,1,3,1,1,4,10,1,1,0,0,0,0,1,,1,
768,759,1,0,1,54,1,21,1,1,8,3,1,1,0,0,0,1,,2,,2
769,760,0,0,1,58,2,6,7,1,8,7,,,,,,1,,,,
770,761,1,0,1,71,1,9,1,1,8,5,1,1,0,0,0,0,2,,2,
771,762,1,0,1,62,1,22,1,1,7,9,1,1,0,0,0,1,,2,,2
772,763,1,0,1,59,2,18,1,1,7,9,1,1,0,0,0,0,1,,1,
773,764,1,0,1,58,2,1,1,1,2,7,1,1,0,0,0,1,,1,,1
774,765,1,0,1,76,2,3,1,1,8,2,1,1,0,0,0,1,,1,,1
775,766,1,0,1,54,1,-3105,1,1,7,9,1,0,0,0,0,0,1,,1,
776,767,1,0,1,73,1,6,1,1,2,10,1,1,0,0,0,0,1,,1,
777,768,1,0,1,75,1,6,1,1,5,1,1,1,0,0,0,0,1,,1,
778,769,1,0,1,67,1,12,7,1,6,1,0,1,0,0,0,1,,2,,2
779,770,1,0,1,51,1,21,1,1,6,3,1,1,0,0,0,1,,2,,2
780,771,1,0,1,19,2,11,1,2,5,1,1,1,0,0,0,0,2,,2,
781,772,1,0,1,64,1,14,1,1,6,3,1,1,0,0,0,1,,2,,2
782,773,1,0,1,56,1,18,1,1,6,5,1,1,0,0,0,0,2,,1,
783,774,1,0,1,61,2,12,1,1,7,10,1,1,0,0,0,0,2,,2,
784,775,1,0,1,50,1,15,1,1,4,1,1,1,0,0,0,1,,3,,3
785,776,1,0,1,52,2,9,8,1,7,3,1,1,0,0,0,1,,2,,2
786,777,1,0,1,63,2,3,1,1,7,5,1,1,0,0,0,1,,2,,1
787,778,1,0,1,39,2,13,10,1,8,2,1,1,0,0,0,1,,2,,2
788,779,1,0,1,82,1,6,1,1,8,1,1,1,0,0,0,1,,1,,1
789,780,1,0,1,50,1,1,1,1,1,7,1,1,0,0,0,0,3,,3,
790,781,1,0,1,66,2,4,1,1,1,2,1,1,0,0,0,1,,2,,3
791,782,1,0,1,42,2,18,5,1,8,5,1,1,0,0,0,1,,2,,2
792,783,1,0,1,69,2,17,1,1,4,9,1,1,0,0,0,0,1,,2,
793,784,1,0,1,42,2,-3105,16,1,8,4,1,1,0,0,0,0,1,,1,
794,785,1,0,1,57,1,2,1,1,5,4,1,1,0,0,0,1,,1,,1
795,786,1,0,1,76,2,5,1,1,7,2,1,1,0,0,0,0,1,,1,
796,787,1,0,1,37,2,12,15,2,6,1,1,1,0,0,0,1,,2,,1
797,788,1,0,1,58,2,8,1,1,4,2,1,1,0,0,0,1,,2,,1
798,789,1,0,1,60,2,1,3,16,2,1,1,1,0,0,0,0,2,,3,
799,790,1,0,1,46,1,11,1,1,7,4,1,1,0,0,0,0,3,,3,
800,791,1,0,1,37,2,19,1,1,8,3,0,0,1,0,0,1,,2,,2
801,792,1,0,1,58,2,15,16,15,8,3,1,1,0,0,0,0,1,,1,
802,793,1,0,1,36,2,20,1,1,7,1,1,1,0,0,0,1,,1,,1
803,794,1,0,1,58,1,2,1,1,2,4,0,0,1,0,0,1,,1,,2
804,795,0,0,1,61,1,1,1,1,2,10,,,,,,0,,,,
805,796,1,0,1,62,1,13,1,1,6,8,1,0,0,0,0,0,1,,1,
806,797,1,0,1,64,1,20,1,1,8,2,1,1,0,0,0,1,,1,,1
807,798,1,0,1,63,1,2,2,1,2,1,1,1,0,0,0,1,,1,,1
808,799,1,0,1,39,1,19,2,1,6,3,1,1,0,0,0,1,,2,,2
809,800,1,0,1,44,1,15,1,1,6,3,1,1,0,0,0,0,2,,2,
810,801,0,0,1,42,1,2,16,15,2,7,,,,,,0,,,,
811,802,1,0,1,30,1,22,1,1,2,4,1,1,0,0,0,1,,3,,3
812,803,1,0,1,37,1,-3105,16,15,4,4,0,0,0,1,0,1,,3,,3
813,804,1,0,1,56,2,19,2,1,4,1,1,1,0,0,0,0,2,,2,
814,805,0,0,1,30,1,10,1,1,2,4,,,,,,1,,,,
815,806,1,0,1,31,1,-3105,15,2,1,1,1,1,0,0,0,1,,1,,2
816,807,1,0,1,43,1,1,2,1,2,4,0,0,1,0,0,1,,2,,1
817,808,1,0,1,34,1,7,6,5,8,1,1,1,0,0,0,0,1,,1,
818,809,1,0,1,30,1,6,16,1,2,4,1,1,0,0,0,0,1,,1,
819,810,1,0,1,42,1,2,15,1,1,10,0,1,0,0,0,1,,2,,2
820,811,1,0,1,25,1,5,1,1,3,5,1,1,0,0,0,0,1,,1,
821,812,1,0,1,44,1,20,1,1,6,2,1,1,0,0,0,0,1,,1,
